id,External URI,Type,Number of Bio Materials,Bio Material External Id,Bio Material Organism,Bio Material Species,Bio Material Genus,ID,ENTRY,ROW,RANGE,REP,Box,Order,,field packet stem id
c4e8de99-3ad0-451a-a08a-bf388556b974,,,0,,,,,SWU Chinese 2,171,1,1,1,1,1,3,ST50PKT0YZBN
76b5b686-8c36-4d45-b24c-1178e0d91aba,,,0,,,,,CLANCY,54,10,1,1,2,13,3,ST50PKT0YX2P
264130fe-7145-440b-ba95-80a3d30602f3,,,0,,,,,Trooper,185,11,1,1,3,13,3,ST50PKT0YYLS
23059b07-e0a9-4fba-a43e-49b213b4ca59,,,0,,,,,DRUM,69,12,1,1,4,13,3,ST50PKT0YZ0B
4304cc61-1a4b-4887-87bf-b0594df91d56,,,0,,,,,MAZOWIECKI,114,13,1,1,1,19,3,ST50PKT0YXNF
c6cb5e24-fd0d-43c9-b471-b51b02a3b112,,,0,,,,,989,2,14,1,1,2,19,3,ST50PKT0YYRX
eddbcbfe-431c-462b-abe6-43287d8a2383,,,0,,,,,KONGO,101,15,1,1,3,19,3,ST50PKT0YXJK
476484ea-9c77-49d3-aba2-c82d0c9b0fc3,,,0,,,,,BLN 329,35,16,1,1,4,19,3,ST50PKT0YYXR
b8eee837-7382-4845-950a-35010e407a25,,,0,,,,,Cabernet,42,17,1,1,1,25,3,ST50PKT0YWZG
af056679-8cb9-44de-b828-5983b814bb54,,,0,,,,,SCOOP,155,18,1,1,2,25,3,ST50PKT0YZ9C
3201e753-b354-433e-801b-fffc80a514fd,,,0,,,,,Kubanskij,103,19,1,1,3,25,3,ST50PKT0YZ5H
6a3264c9-50b5-4de3-8f94-7761f879ddaa,,,0,,,,,DERBY,63,2,1,1,2,1,3,ST50PKT0YX58
13764734-a8a3-46d7-b6d2-5672fb1045d3,,,0,,,,,BLN 270,31,20,1,1,4,25,3,ST50PKT0YYWG
c0091fd7-5136-4f21-bd85-5c3dc14d5761,,,0,,,,,Ag-Emblem,9,21,1,1,1,31,3,ST50PKT0YWQQ
88107cd3-804d-4139-9c1e-b22c1bfb3fa8,,,0,,,,,Stingray,163,22,1,1,2,31,3,ST50PKT0YYDN
9c17a133-558a-424e-a450-a0f9f2b41567,,,0,,,,,IWANAI,96,23,1,1,3,31,3,ST50PKT0YXGY
9fb54643-68de-4a6f-b819-ca5cb40be8da,,,0,,,,,PIVOT,136,24,1,1,4,31,3,ST50PKT0YY4L
728afad6-ca1c-4694-8a3f-0fcfa5864482,,,0,,,,,Dimension,65,25,1,1,1,37,3,ST50PKT0YYZP
7189079e-701f-4ab2-8ab3-5096a1448ae5,,,0,,,,,VIGE DH1,187,26,1,1,2,37,3,ST50PKT0YYMF
6c2b0312-7584-478f-a785-c26afe7323dc,,,0,,,,,TANTAL,172,27,1,1,3,37,3,ST50PKT0YYGX
ec4a1dba-1be7-4621-bbff-9a340babf71f,,,0,,,,,N01D-1330,121,28,1,1,4,37,3,ST50PKT0YXQP
85c0f382-3355-4375-9de2-c68f320614c7,,,0,,,,,Masoweiki,112,29,1,1,1,43,3,ST50PKT0YXMS
3bf146e4-1f5c-47a7-b8a4-3d560793c9bb,,,0,,,,,ABUKUMA NATANE,5,3,1,1,3,1,3,ST50PKT0YWPF
52f39b95-0b81-4eab-8480-e70788ec5922,,,0,,,,,Doral,67,30,1,1,2,43,3,ST50PKT0YX6K
ba73b645-9542-430c-8833-967683a89cbf,,,0,,,,,Wesway,198,31,1,1,3,43,3,ST50PKT0YYPP
c613cf7f-3af4-4899-9f8d-0575ad8ca729,,,0,,,,,WESTAR DH,197,32,1,1,4,43,3,ST50PKT0YYPC
aafb4705-ef0a-4cd2-9de5-7e6cc4741e57,,,0,,,,,BLN 279,33,33,1,1,1,49,3,ST50PKT0YYX3
847c0cc1-60f6-4e9f-8709-0753e165686c,,,0,,,,,TRITON,184,34,1,1,2,49,3,ST50PKT0YZDL
7d46b180-dde0-45f1-8dc3-98b12f1dd4e6,,,0,,,,,Ding110,66,35,1,1,3,49,3,ST50PKT0YX5X
7b889756-938a-4ba1-9a02-a9ec6be52085,,,0,,,,,Ag-Saphire,12,36,1,1,4,49,3,ST50PKT0YWRP
0963870b-8f50-4a31-a9a9-e0a2ae1d42ae,,,0,,,,,IB 1368,93,37,1,1,1,55,3,ST50PKT0YZ3W
ab45d616-a4c5-4e5e-a441-4fcb2e45bc39,,,0,,,,,CHARLTON,52,38,1,1,2,55,3,ST50PKT0YX1Q
d4d194e2-8ad4-4ecf-8048-df054ddcdb71,,,0,,,,,KAROO-057DH,100,39,1,1,3,55,3,ST50PKT0YXJ7
72dbe024-ab20-4c76-ba4c-115ae342ac5c,,,0,,,,,REGENT,147,4,1,1,4,1,3,ST50PKT0YY7T
c536b370-200f-4f42-b604-4618608a429c,,,0,,,,,Slovenska Krajova,161,40,1,1,4,55,3,ST50PKT0YYD0
8854fe14-eab9-4d30-a2a7-b5536036f1ca,,,0,,,,,ATR-Beacon,17,41,1,1,1,61,3,ST50PKT0YWSN
1b26ab94-d214-42be-a521-1c31eb8edc36,,,0,,,,,Marlin,110,42,1,1,2,61,3,ST50PKT0YXM4
929998b9-366c-464d-abfe-0fa91ab8a421,,,0,,,,,SWU Chinese 1,170,43,1,1,3,61,3,ST50PKT0YYGL
b7309a21-7ad0-4ecd-8cc8-7032e3c87cc9,,,0,,,,,Tarcoola,174,44,1,1,4,61,3,ST50PKT0YZC9
d7fb9217-2367-4ae5-bfda-d2f9775d0e0e,,,0,,,,,MADRIGAL x RECITAL DH LINE,108,45,1,1,1,67,3,ST50PKT0YXLH
9b03342f-f39e-436a-93c9-fb3a5abb51bc,,,0,,,,,SV NIKLAS,169,46,1,1,2,67,3,ST50PKT0YYG8
86dd381f-9a50-4576-8a48-45c1f44d5d6e,,,0,,,,,Eyre,77,47,1,1,3,67,3,ST50PKT0YX9G
cf2d8cc9-1a48-4c8e-b6f7-fe13def07ba6,,,0,,,,,TI 10,177,48,1,1,4,67,3,ST50PKT0YYJJ
c2451740-013a-4aa1-afca-06b347ed2336,,,0,,,,,Ag-Drover,8,49,1,1,1,73,3,ST50PKT0YWQD
5fdde212-1f9f-4164-89b5-a516aff8b385,,,0,,,,,Excalibur,76,5,1,1,1,7,3,ST50PKT0YX94
b45c0514-8ff9-448b-b67d-762c34fba19c,,,0,,,,,Temple,176,50,1,1,2,73,3,ST50PKT0YYJ6
ddcd29c4-a40e-43c6-a934-f20d0e158eeb,,,0,,,,,CYCLONE,61,51,1,1,3,73,3,ST50PKT0YYZ1
db23c886-7178-46f0-9fef-5529f13bc39d,,,0,,,,,BLN 5,37,52,1,1,4,73,3,ST50PKT0YWXV
cc54fac6-12ea-4691-8fe3-5111cc176a70,,,0,,,,,Stubby,164,53,1,1,1,79,3,ST50PKT0YYDZ
62ae0277-82b6-4e74-8f5c-d747da850954,,,0,,,,,TAPIDOR DH,173,54,1,1,2,79,3,ST50PKT0YYH7
7dd2b57e-f4a8-4cbb-8fab-a0d10844202c,,,0,,,,,Hytec Trophy,91,55,1,1,3,79,3,ST50PKT0YZ3K
bed05413-167f-4959-a1ff-6bb3633cc19a,,,0,,,,,RX5S,151,56,1,1,4,79,3,ST50PKT0YY8S
b6ae459e-f07f-45df-be58-afa47bc2ad81,,,0,,,,,Zephyr (DW-Zephyr),202,57,1,1,1,85,3,ST50PKT0YYQN
08d4d920-063e-43a7-ace7-54ac860b741a,,,0,,,,,BC5 TOWER,25,58,1,1,2,85,3,ST50PKT0YWW7
a98e5baa-73fc-42fe-8392-414afaf012a7,,,0,,,,,CRESUS,58,59,1,1,3,85,3,ST50PKT0YX3Z
a2ad69ca-4595-4e35-bedb-480af34da22a,,,0,,,,,LEGEND,105,6,1,1,2,7,3,ST50PKT0YXKJ
82684e40-3c28-4d77-9cc0-353f5ffb7ba2,,,0,,,,,ATR-Eyre,18,60,1,1,4,85,3,ST50PKT0YWSZ
6ac81d50-b94a-4256-a178-52e9ea1072f8,,,0,,,,,Coriander,56,61,1,1,1,91,3,ST50PKT0YX3B
4e3a4960-661c-4c3a-ba50-59d0ac3d2fa3,,,0,,,,,YICKADEE,201,62,1,1,2,91,3,ST50PKT0YYQB
92ee5803-99cd-407d-b81b-721f4d456394,,,0,,,,,ZIRCON,204,63,1,1,3,91,3,ST50PKT0YYR9
ac3bf701-d8fa-4099-a6e9-92873acec8d8,,,0,,,,,Cobbler,55,64,1,1,4,91,3,ST50PKT0YX30
ae68a778-f21a-4f6f-a1ef-00c173f9762e,,,0,,,,,Ag-Muster,10,65,1,1,1,97,3,ST50PKT0YWR1
e7bd34bf-6bd8-4877-86b0-ecae253c2b5d,,,0,,,,,LEMBKES MALCHOWER (LENORA),106,66,1,1,2,97,3,ST50PKT0YXKV
0e335107-7d38-47f9-a8cb-80badd515888,,,0,,,,,ARGENTINA,15,67,1,1,3,97,3,ST50PKT0YWSB
e79cca5a-1877-4013-be53-b9ad42e2d1ff,,,0,,,,,GROENE GRONINGER SNIJMOES,83,68,1,1,4,97,3,ST50PKT0Z1PM
c829834c-325f-4d67-804b-c327637e4afe,,,0,,,,,CBWA-Tribune,49,7,1,1,3,7,3,ST50PKT0YX12
369ad344-1dbc-4be6-8a20-719037289ba6,,,0,,,,,ATR-Spectrum,20,8,1,1,4,7,3,ST50PKT0YWTM
cb7bd4a8-6f11-49cf-8423-10c5a0330d45,,,0,,,,,Vision,188,9,1,1,1,13,3,ST50PKT0YYMR
54621374-e895-4f62-a39b-d22635d23dfe,,,0,,,,,Westar,196,1,2,1,1,2,3,ST50PKT0YZFW
5cce15d5-4031-4704-90f9-40923376649c,,,0,,,,,BLN 156,28,10,2,1,2,14,3,ST50PKT0YYVT
2f94a1bb-0a60-45e0-8665-8b1ab420b9b3,,,0,,,,,WESBARKER,191,11,2,1,3,14,3,ST50PKT0YZDX
ea785c5c-1687-4aeb-9dfc-ca2409ced51c,,,0,,,,,Pioneer 7,134,12,2,1,4,14,3,ST50PKT0YY3M
97a1debd-a41a-42b3-8c6b-ac3d03510f41,,,0,,,,,Marnoo,111,13,2,1,1,20,3,ST50PKT0YXMG
404325c5-4878-41cc-9f0d-a1c390a2f867,,,0,,,,,ERGLU,73,14,2,1,2,20,3,ST50PKT0YX85
9f0ecafe-6a54-4561-80e6-554f3e3cf474,,,0,,,,,Zhongshu-ang N0.4,203,15,2,1,3,20,3,ST50PKT0YYQZ
1040af0e-66b8-467d-8fa8-9c9b02e4fd13,,,0,,,,,Ag-Outback,11,16,2,1,4,20,3,ST50PKT0YWRC
12b4fb21-3759-45b1-9428-8e41dfdccaae,,,0,,,,,6/06/3737,4,17,2,1,1,26,3,ST50PKT0YWP3
8058c539-1fae-498c-9efe-ce7db04de30a,,,0,,,,,Apex,14,18,2,1,2,26,3,ST50PKT0YWS0
ca63d3f6-ad68-43ea-bf6c-ac69c29c572a,,,0,,,,,SHANNON x WINNER DH LINE,156,19,2,1,3,26,3,ST50PKT0YYB2
3af94205-99f1-4718-8250-123ea8fdbf96,,,0,,,,,NINDOO,124,2,2,1,2,2,3,ST50PKT0YXRN
0b676267-40e0-475b-ba6d-b79d3b95906c,,,0,,,,,N02D-1952,122,20,2,1,4,26,3,ST50PKT0YXR0
51547e2a-1d14-4f19-b1c2-a5026e009927,,,0,,,,,Matador,113,21,2,1,1,32,3,ST50PKT0YXN3
c3027e6c-0029-46b3-8fd9-67c2c7ea0592,,,0,,,,,Q100,140,22,2,1,2,32,3,ST50PKT0YY5K
6418e2ba-8347-40a7-a4fb-644613645334,,,0,,,,,WEIHENSTEPHANER,190,23,2,1,3,32,3,ST50PKT0YYND
dfc5ec84-01f6-48a0-b11b-b99c6e9fe33a,,,0,,,,,CANBERRA x COURAGE DH LINE,45,24,2,1,4,32,3,ST50PKT0YX03
abd10acb-7058-4147-81d3-ae1bd92f03eb,,,0,,,,,Surpass 404CL,165,25,2,1,1,38,3,ST50PKT0YZB0
857e6055-ed4a-4b59-8e0c-aadb8df3554d,,,0,,,,,PURLER,139,26,2,1,2,38,3,ST50PKT0YY57
3eaf8cd3-183e-4667-86e3-38a15cf86286,,,0,,,,,Catana,48,27,2,1,3,38,3,ST50PKT0YX0R
41891709-e098-49d5-aa95-981e6a9df29e,,,0,,,,,PROFIT,138,28,2,1,4,38,3,ST50PKT0YZ7F
1d05a90a-67b2-43a0-a14c-a6922d8c635b,,,0,,,,,ASAHI,16,29,2,1,1,44,3,ST50PKT0YYSK
56799a50-eeb3-46af-8b5d-6b4250f13b6b,,,0,,,,,Tribune,182,3,2,1,3,2,3,ST50PKT0YYL4
4a5a9965-e17f-44c0-b0cc-b20bc5631e0d,,,0,,,,,TI1 PINNACLE,178,30,2,1,2,44,3,ST50PKT0YYJV
61d95bec-8afd-4e71-aa8d-2ef673db7d18,,,0,,,,,MONTY,118,31,2,1,3,44,3,ST50PKT0YXPQ
40aad515-6265-48ee-b1e9-bf6ace9d3d13,,,0,,,,,Huron x Navajo,90,32,2,1,4,44,3,ST50PKT0YXFB
cbeae09f-570c-4229-8557-db4682b9c453,,,0,,,,,NARENDRA,123,33,2,1,1,50,3,ST50PKT0YXRB
f44eb080-5d87-4065-b275-abe8ddaf4277,,,0,,,,,Baltia,23,34,2,1,2,50,3,ST50PKT0YWVL
e4ec2068-5e3a-45b7-a97e-19e1b26dcd33,,,0,,,,,Ningyou 7,125,35,2,1,3,50,3,ST50PKT0YXRZ
cce30155-7dd1-4d0d-9047-d169e526bb62,,,0,,,,,HANSEN X GASPARD DH LINE,87,36,2,1,4,50,3,ST50PKT0YXDC
0e8485b7-acb9-4cac-97bd-c45379760f03,,,0,,,,,Mestnij,115,37,2,1,1,56,3,ST50PKT0YXNR
14f0a528-f495-473a-8316-3ef2831a482a,,,0,,,,,CSR18,59,38,2,1,2,56,3,ST50PKT0YX49
525da3c6-41c8-4d5f-90e3-4530fc392abc,,,0,,,,,Ceska Krajova,51,39,2,1,3,56,3,ST50PKT0YX1D
c5dfb722-a283-45c7-974b-1d8b369f4533,,,0,,,,,Hanna,86,4,2,1,4,2,3,ST50PKT0YXD1
3f328125-9383-4475-a14e-26b4081f63c1,,,0,,,,,Castille,47,40,2,1,4,56,3,ST50PKT0YYYD
bb1dc51b-c022-4c9e-ac28-908c4eb03564,,,0,,,,,SIBERISCHE BOERENKOOL,158,41,2,1,1,62,3,ST50PKT0YYC1
6878b541-597f-4480-b52c-1cb0bedc8aed,,,0,,,,,988,1,42,2,1,2,62,3,ST50PKT0YWNG
33214218-c59d-410f-8c01-5b643d4410f8,,,0,,,,,Midas,116,43,2,1,3,62,3,ST50PKT0YXP2
20569c70-8426-4a93-a268-6232dc31a691,,,0,,,,,Capitol,46,44,2,1,4,62,3,ST50PKT0YX0F
4a94e4be-f57e-4b52-b6c1-6f0e59c39016,,,0,,,,,EUROL,74,45,2,1,1,68,3,ST50PKT0YX8H
d7d998d5-1c20-4285-8590-654a8b826357,,,0,,,,,GOLDEN,82,46,2,1,2,68,3,ST50PKT0YXC2
0c727dd0-4911-40f0-9518-9e0b6ae59e10,,,0,,,,,TRIBUTE,183,47,2,1,3,68,3,ST50PKT0YYLG
461ed390-38a8-414c-8f4d-ff38e527b5c7,,,0,,,,,Azuma (light Yellow),22,48,2,1,4,68,3,ST50PKT0YWV8
b5a4a08e-75b1-4136-a12c-5c63eb756f73,,,0,,,,,Palmedor,133,49,2,1,1,74,3,ST50PKT0YXYG
6733bfde-731d-4f5a-b508-5743441f8846,,,0,,,,,Hakuran,85,5,2,1,1,8,3,ST50PKT0YXCQ
7b3e38d2-cef7-4b1a-be55-4098003234ed,,,0,,,,,Nugget,128,50,2,1,2,74,3,ST50PKT0YXSM
a6ccf10e-721a-4be0-8873-84c0a149d90e,,,0,,,,,RAINBOW,143,51,2,1,3,74,3,ST50PKT0YY6J
10d58a00-548c-4367-b5ac-9c76342eda11,,,0,,,,,BLN 198,29,52,2,1,4,74,3,ST50PKT0YWX6
70e50c43-9423-4361-aba8-23421c6cd4bd,,,0,,,,,CUBS ROOT,60,53,2,1,1,80,3,ST50PKT0YX4M
49b7e6f0-bc09-490c-bc35-171d35ab7a67,,,0,,,,,OLGA,130,54,2,1,2,80,3,ST50PKT0YXXH
87d1e1d9-6983-4649-8540-a2911dc35948,,,0,,,,,Kromerska,102,55,2,1,3,80,3,ST50PKT0YXJW
4d692afa-798b-4af3-b93b-ab1c25023dcf,,,0,,,,,OAC TRITAN,129,56,2,1,4,80,3,ST50PKT0YXX5
fd1b63cf-8523-45ef-969b-61879277ccbb,,,0,,,,,Dwarf Essex,72,57,2,1,1,86,3,ST50PKT0YX7V
a815006d-d73b-4bb5-97b9-6ca052bfa08a,,,0,,,,,CBWA-Trigold,50,58,2,1,2,86,3,ST50PKT0YYYQ
97642514-f1a1-43c1-ba89-7fab9e376639,,,0,,,,,HELIOS,88,59,2,1,3,86,3,ST50PKT0YXDP
182e56a2-8607-439b-98ac-7ec848f98249,,,0,,,,,SHIRALEE,157,6,2,1,2,8,3,ST50PKT0YYBQ
44c337a6-1601-4fb3-90eb-a13cfb21f496,,,0,,,,,SURPASS400-024DH,168,60,2,1,4,86,3,ST50PKT0YYFY
c522c310-8ab4-468a-996c-d13aaadc654a,,,0,,,,,MONTY-028DH,119,61,2,1,1,92,3,ST50PKT0YXQ1
f26e24ae-36fa-4a26-a175-4ba52015f008,,,0,,,,,CRESOR,57,62,2,1,2,92,3,ST50PKT0YX3N
37435d2f-7ab7-4640-9eab-69fa110489bf,,,0,,,,,TOWER,181,63,2,1,3,92,3,ST50PKT0YYKT
ece203e9-9fef-4387-9dba-0d8a3a1c076d,,,0,,,,,WILLI,199,64,2,1,4,92,3,ST50PKT0YZG6
b169ac4d-1f3f-4d35-80dc-ae99caf35c74,,,0,,,,,991,3,65,2,1,1,98,3,ST50PKT0YWNS
eff95c12-9aca-45f4-ac46-997c8425a9bd,,,0,,,,,OSCAR,132,66,2,1,2,98,3,ST50PKT0YXY4
c426c949-64e2-45b1-8059-9544cd5d2e3b,,,0,,,,,Flinders TTC,78,67,2,1,3,98,3,ST50PKT0YZ19
367c495b-90ea-46b8-9fa6-1f2b37673c4a,,,0,,,,,RAFAL DH1,142,68,2,1,4,98,3,ST50PKT0YY66
2e7f3c55-2c92-45cd-a2bd-61f9a04b3abd,,,0,,,,,RAPID CYCLING RAPE (CrGC5),146,7,2,1,3,8,3,ST50PKT0YY7H
91d23ecb-6e9d-4cf4-b394-b8b74e83b12b,,,0,,,,,BLN 199,30,8,2,1,4,8,3,ST50PKT0YYW4
0c2efa76-23ad-454a-8cf5-8bda48fec3e5,,,0,,,,,CHINA C,53,9,2,1,1,14,3,ST50PKT0YX21
467182c6-38ed-4f74-bd9c-a578fb02225e,,,0,,,,,Inca x Contact,94,1,3,1,1,3,3,ST50PKT0YXG9
010a31b0-7da3-40ca-9d34-09ef3a4d774c,,,0,,,,,Beacon,26,10,3,1,2,15,3,ST50PKT0YWWK
78f40195-cff7-40cb-bd8e-5927db77c211,,,0,,,,,Insignia,95,11,3,1,3,15,3,ST50PKT0YXGM
66a9bf35-4af2-4826-a165-c0b954038f6e,,,0,,,,,Surpass 603CL,167,12,3,1,4,15,3,ST50PKT0YYFM
538f833b-154a-447e-aead-83e3c909da7f,,,0,,,,,BLN 331,36,13,3,1,1,21,3,ST50PKT0YWXJ
1a4a86d1-4cb5-48ca-9330-bebf71569b68,,,0,,,,,RZ5,152,14,3,1,2,21,3,ST50PKT0YY93
a6b5fb55-3348-49b0-a68a-c9d7db8e67c2,,,0,,,,,ALTEX,13,15,3,1,3,21,3,ST50PKT0YYS7
92ed8dcb-ec4b-46cf-a199-abadf910bb99,,,0,,,,,Dunkeld,70,16,3,1,4,21,3,ST50PKT0YX76
edea9aeb-4a28-4954-952e-c4763b54a74b,,,0,,,,,Georgie,81,17,3,1,1,27,3,ST50PKT0YXBR
8056cefe-9c64-468a-95ae-c2d181b54d68,,,0,,,,,Bronowski,40,18,3,1,2,27,3,ST50PKT0YYY2
a741c1cb-be43-4d72-8451-51deafd25734,,,0,,,,,GEM,80,19,3,1,3,27,3,ST50PKT0YXBF
67cc408a-fa9e-4b9e-974d-2ceb705ad9e2,,,0,,,,,Warrior CL,189,2,3,1,2,3,3,ST50PKT0YYN2
3624d1bf-5f83-44bf-ad76-b91e91bdf465,,,0,,,,,Xiangyou 15,200,20,3,1,4,27,3,ST50PKT0YYQ0
58c7fbd9-e9e5-429f-b3aa-b1ad775c457e,,,0,,,,,Quinta,141,21,3,1,1,33,3,ST50PKT0YY5W
71ba49d9-a70d-4c8e-bdb5-ad4ec7f1d75e,,,0,,,,,Ramses,144,22,3,1,2,33,3,ST50PKT0YY6V
f3bbf742-5704-4045-9d87-19fa45a5ea5d,,,0,,,,,RZ6,153,23,3,1,3,33,3,ST50PKT0YY9F
242df204-6364-45ca-97d3-b98da64613b6,,,0,,,,,"""MOANA, MOANA RAPE""",117,24,3,1,4,33,3,ST50PKT0YXPD
7005e181-087c-4b10-9bd1-59427d7251b9,,,0,,,,,GSL1,84,25,3,1,1,39,3,ST50PKT0YXCD
85e7704b-1490-4633-8164-bb4d2852cf25,,,0,,,,,MYSTIC,120,26,3,1,2,39,3,ST50PKT0YXQC
da41bcb2-5c07-449c-8c9d-74d8beaf8262,,,0,,,,,SINUS,159,27,3,1,3,39,3,ST50PKT0YYCC
6a3bbddf-614a-49e6-b8e4-70a018d0a796,,,0,,,,,Garnet,79,28,3,1,4,39,3,ST50PKT0YXB3
25f78ae0-0061-48b1-96e3-3ef48ec82ffa,,,0,,,,,Tina,179,29,3,1,1,45,3,ST50PKT0YYK5
ecd2c658-8d75-4e47-81b6-f2641ad20835,,,0,,,,,RESTON,148,3,3,1,3,3,3,ST50PKT0YZ82
ef9e9db7-a712-4823-b077-657b8bd6253d,,,0,,,,,Marasaki,109,30,3,1,2,45,3,ST50PKT0YXLT
8502751e-2ca7-406f-a12b-36b71a89cb9d,,,0,,,,,NORIN,127,31,3,1,3,45,3,ST50PKT0Z1NZ
e997d1e5-a39a-45e4-861c-22a325590617,,,0,,,,,BIENVENU DH4,27,32,3,1,4,45,3,ST50PKT0YWWW
b78242da-372d-486e-9b84-d2beac108d04,,,0,,,,,BRAUNER SCHNITTKOHL,38,33,3,1,1,51,3,ST50PKT0YWY5
7914acc0-9f2e-4397-ba7e-3fd42cb42dd2,,,0,,,,,WESROONA,195,34,3,1,2,51,3,ST50PKT0YZFK
e072dd08-be4f-45fc-af32-abef446f6838,,,0,,,,,BAROSSA,24,35,3,1,3,51,3,ST50PKT0YWVX
5c242066-ea11-41f5-9080-b14054278d3f,,,0,,,,,Topas,180,36,3,1,4,51,3,ST50PKT0YYKH
08a786d0-0425-4958-905f-76a04fca7248,,,0,,,,,Janetzkis Schlesischer,98,37,3,1,1,57,3,ST50PKT0YXHL
c57ffc6a-2ede-4a0d-b5c9-4f65bfe37666,,,0,,,,,SKIPTON,160,38,3,1,2,57,3,ST50PKT0YYCP
ea944ebc-9ae5-43ce-a2b1-05bb67a9084f,,,0,,,,,Ningyou 8,126,39,3,1,3,57,3,ST50PKT0YXS9
b3ff52f7-9f5e-46d1-8a67-1fb3debb381b,,,0,,,,,AG-Castle,6,4,3,1,4,3,3,ST50PKT0YWPR
0fb77bc2-72d6-4142-90bc-4649bdfaa77e,,,0,,,,,Cabriolet,43,40,3,1,4,57,3,ST50PKT0Z1P9
22392679-8078-47d6-a9bf-e10de3d74cfd,,,0,,,,,Range,145,41,3,1,1,63,3,ST50PKT0YY75
e404ed44-f9d4-4363-90b5-10c0f1a0f38d,,,0,,,,,Verona,186,42,3,1,2,63,3,ST50PKT0YYM3
c07d58e7-2748-4eb7-ad73-0e907714c98d,,,0,,,,,Drakkar,68,43,3,1,3,63,3,ST50PKT0YZ00
b52147a8-4826-4127-8b8c-47836033906a,,,0,,,,,Duplo,71,44,3,1,4,63,3,ST50PKT0YX7J
c0f4d689-bfac-4e80-88f4-f231323b7f19,,,0,,,,,BLN 273,32,45,3,1,1,69,3,ST50PKT0YYWS
63425669-e3b9-4348-bba7-91fc35c68820,,,0,,,,,Samourai,154,46,3,1,2,69,3,ST50PKT0YY9R
93f695ef-0874-4e15-acdc-e9fed9191919,,,0,,,,,CANARD,44,47,3,1,3,69,3,ST50PKT0YWZS
3b3aca05-aec4-4713-bd86-9fb951f0a93e,,,0,,,,,Lantern,104,48,3,1,4,69,3,ST50PKT0YXK6
4f56f61c-7d6f-4d4b-8e48-cdb606e3d4b3,,,0,,,,,Rocket,149,49,3,1,1,75,3,ST50PKT0YY84
df200c1e-5422-4b30-91cd-3098b2eda0e0,,,0,,,,,WESBELL,192,5,3,1,1,9,3,ST50PKT0YZF7
4dc9ff6a-2099-41df-b280-ec5461298f12,,,0,,,,,Oro,131,50,3,1,2,75,3,ST50PKT0YXXT
68178003-5981-4649-883d-5c30255ad6e2,,,0,,,,,Ag-Comet,7,51,3,1,3,75,3,ST50PKT0YWQ2
d9f8bb35-243f-4ded-9e55-c345bc0a5944,,,0,,,,,Bugle,41,52,3,1,4,75,3,ST50PKT0YWZ4
29579357-39c3-47c5-93f0-175620effda8,,,0,,,,,Huayou 8,89,53,3,1,1,81,3,ST50PKT0YXF0
b85957c3-fc95-4296-9114-23a752bc3372,,,0,,,,,BLN 287,34,54,3,1,2,81,3,ST50PKT0YYXF
3b17922f-694d-4d2d-b3d8-2761820bedce,,,0,,,,,BravoTT,39,55,3,1,3,81,3,ST50PKT0YWYH
a51fd7df-d80f-4816-9d92-7d32b34846b6,,,0,,,,,LICROWN X EXPRESS DH LINE,107,56,3,1,4,81,3,ST50PKT0YXL5
9ecc5452-53dc-4d8d-b1ee-9da9f0241419,,,0,,,,,Pioneer 8,135,57,3,1,1,87,3,ST50PKT0YY3Y
2e2976ec-ebed-43f4-a06b-4ab3d0ebb425,,,0,,,,,Tawriffic TT,175,58,3,1,2,87,3,ST50PKT0YYHW
572faf0b-4328-4ab8-9d2e-9be5aae5526b,,,0,,,,,Diamond,64,59,3,1,3,87,3,ST50PKT0YYZC
cebbef03-b714-41b9-85f1-842dec9a8b1e,,,0,,,,,SURPASS 600,166,6,3,1,2,9,3,ST50PKT0YYF9
d03dac21-d11b-4e08-b856-cbb86760bb34,,,0,,,,,JADE,97,60,3,1,4,87,3,ST50PKT0YXH8
3ddf8a12-48ec-4b3e-bcdc-d6d307972176,,,0,,,,,ATR-Hyden,19,61,3,1,1,93,3,ST50PKT0YWT9
956bdb1a-7ffc-4dbd-bddb-f4299207424c,,,0,,,,,EURORA,75,62,3,1,2,93,3,ST50PKT0YX8T
424a58ec-9b4f-4326-83b4-b8bb27615b76,,,0,,,,,ATR-Summitt,21,63,3,1,3,93,3,ST50PKT0YWTY
22d85a58-b0b6-43f8-97d5-a5d5e7a1ec19,,,0,,,,,KARAT,99,64,3,1,4,93,3,ST50PKT0YXHX
dfbe0ef1-0747-46ad-b6c5-7b852067449d,,,0,,,,,Rottnest TTC,150,65,3,1,1,99,3,ST50PKT0YY8G
45204e9e-3845-492a-847d-dbc75569a7c8,,,0,,,,,STELLAR DH,162,66,3,1,2,99,3,ST50PKT0YYDB
41635dd8-a807-4ea4-a639-998db9fe1e37,,,0,,,,,WESBROOK,193,67,3,1,3,99,3,ST50PKT0YYNQ
409de479-c192-4686-9166-d539bc1d5801,,,0,,,,,"""POH 285, Bolko""",137,68,3,1,4,99,3,ST50PKT0YY4X
2e26c6d0-90e4-44a6-ac8c-b7920ea028eb,,,0,,,,,Wesreo,194,7,3,1,3,9,3,ST50PKT0YYP1
d2a775c1-103a-4fe1-9e17-75569e07c0c5,,,0,,,,,IB 1337,92,8,3,1,4,9,3,ST50PKT0YXFZ
c20fe433-0449-423c-bead-ab36c2d0f3d1,,,0,,,,,DELTA,62,9,3,1,1,15,3,ST50PKT0YX4Y
ca65eff8-3214-48d9-a5b8-dea18627ec0c,,,0,,,,,Stubby,164,1,4,2,1,4,4,ST50PKT0YYF0
668a0e53-b934-4e6d-a4f6-6595504c18d1,,,0,,,,,Drakkar,68,10,4,2,2,16,4,ST50PKT0YZ01
d351d27b-bcf1-4c5f-ba3c-b81bdc879ca0,,,0,,,,,BLN 156,28,11,4,2,3,16,4,ST50PKT0YYVV
c0bcfe8a-a414-4c3a-ac8c-509b9ecd2900,,,0,,,,,Topas,180,12,4,2,4,16,4,ST50PKT0YYKJ
75768d8e-d5f0-49b1-8e8f-34abc7601d68,,,0,,,,,Bugle,41,13,4,2,1,22,4,ST50PKT0YWZ5
1c3441f0-5984-4400-8aa0-5f3de50133dc,,,0,,,,,EURORA,75,14,4,2,2,22,4,ST50PKT0YX8V
464270fd-a197-4fdb-9a40-eef318a650f7,,,0,,,,,989,2,15,4,2,3,22,4,ST50PKT0YYRY
fe849d61-fc7a-4d12-a3e7-b5d510240ca3,,,0,,,,,Mestnij,115,16,4,2,4,22,4,ST50PKT0YXNS
5a1c80e4-683e-473a-9e66-e7fa97686537,,,0,,,,,Zephyr (DW-Zephyr),202,17,4,2,1,28,4,ST50PKT0YYQP
39a72006-fab1-438e-8e15-5df2c8bf244c,,,0,,,,,KONGO,101,18,4,2,2,28,4,ST50PKT0YXJL
5f1c7105-b07a-4b1f-a4f7-8cd6fc93e461,,,0,,,,,Capitol,46,19,4,2,3,28,4,ST50PKT0YX0G
6994e2f2-f4d4-48fe-a9fa-5163830f8a68,,,0,,,,,Lantern,104,2,4,2,2,4,4,ST50PKT0YXK7
b4d37b91-6a1d-42eb-b42c-251dc766231e,,,0,,,,,WILLI,199,20,4,2,4,28,4,ST50PKT0YZG7
844ce35f-ee52-496b-b974-36bfd270fadc,,,0,,,,,Inca x Contact,94,21,4,2,1,34,4,ST50PKT0YXGB
b162d2fd-4c72-4373-90c9-85f96f7b5940,,,0,,,,,Flinders TTC,78,22,4,2,2,34,4,ST50PKT0YZ1B
e1a6e616-cea2-4699-a292-b151a813f5d3,,,0,,,,,Ag-Muster,10,23,4,2,3,34,4,ST50PKT0YWR2
d7c983f1-1943-4033-b5af-1645f17d9569,,,0,,,,,Oro,131,24,4,2,4,34,4,ST50PKT0YXXV
eafbface-aab0-4706-83d6-5046ea6fb340,,,0,,,,,Excalibur,76,25,4,2,1,40,4,ST50PKT0YX95
9ed5e760-f50d-4012-99b7-d348f35e3f78,,,0,,,,,GOLDEN,82,26,4,2,2,40,4,ST50PKT0YXC3
33d929fe-a438-492d-86fa-68dcc4a39288,,,0,,,,,VIGE DH1,187,27,4,2,3,40,4,ST50PKT0YYMG
4ef235fc-dd5f-4bd5-86a8-de316cabd6ba,,,0,,,,,OSCAR,132,28,4,2,4,40,4,ST50PKT0YXY5
6a216bd7-1232-4daa-8855-00e34d9c9b2c,,,0,,,,,Doral,67,29,4,2,1,46,4,ST50PKT0YX6L
1b017c08-60e3-4b52-91f8-c8a13b2d0dda,,,0,,,,,Diamond,64,3,4,2,3,4,4,ST50PKT0YYZD
d853f11c-71cc-41d0-a793-d253199bf4b7,,,0,,,,,RESTON,148,30,4,2,2,46,4,ST50PKT0YZ83
a8c30a08-cac5-4f27-8b18-8e4385c7f12b,,,0,,,,,NARENDRA,123,31,4,2,3,46,4,ST50PKT0YXRC
12d02b99-7869-4dd6-82f6-d0f817770877,,,0,,,,,ATR-Hyden,19,32,4,2,4,46,4,ST50PKT0YWTB
84169943-d8b7-4ecf-a62d-916d0b254113,,,0,,,,,CBWA-Trigold,50,33,4,2,1,52,4,ST50PKT0YYYR
17904c41-9e31-4130-8120-dc28df229abe,,,0,,,,,GROENE GRONINGER SNIJMOES,83,34,4,2,2,52,4,ST50PKT0Z1PN
6cf5a285-2363-4225-a115-34dbca386e22,,,0,,,,,WESBELL,192,35,4,2,3,52,4,ST50PKT0YZF8
8d0a2390-bef6-44fe-8fdb-4f491ca0f890,,,0,,,,,Zhongshu-ang N0.4,203,36,4,2,4,52,4,ST50PKT0YYR0
5fa9ce27-732a-4739-9082-37af806e9edf,,,0,,,,,RZ6,153,37,4,2,1,58,4,ST50PKT0YY9G
0c08ba41-2e7d-4931-ad9e-94fbf653675a,,,0,,,,,Castille,47,38,4,2,2,58,4,ST50PKT0YYYF
ae5092b3-c079-46c3-a9ff-66506448f60b,,,0,,,,,Vision,188,39,4,2,3,58,4,ST50PKT0YYMS
f675ec09-a520-49aa-9953-a28082f563fd,,,0,,,,,Dwarf Essex,72,4,4,2,4,4,4,ST50PKT0YX7W
e50164c4-7621-42b0-970b-bba7432464e7,,,0,,,,,Tribune,182,40,4,2,4,58,4,ST50PKT0YYL5
50cbcd96-88d0-48f1-a6e7-3ba39d2d9d9b,,,0,,,,,Marlin,110,41,4,2,1,64,4,ST50PKT0YXM5
46131609-b4d5-4185-a159-60138b61e254,,,0,,,,,WEIHENSTEPHANER,190,42,4,2,2,64,4,ST50PKT0YYNF
082bb4d8-7474-4a2e-8d39-8b5f5472350e,,,0,,,,,BLN 270,31,43,4,2,3,64,4,ST50PKT0YYWH
d501444a-7326-43d4-b7d1-9104d70c7126,,,0,,,,,Dunkeld,70,44,4,2,4,64,4,ST50PKT0YX77
243aa256-7c1c-4de8-85e8-fbfea3fb0848,,,0,,,,,NINDOO,124,45,4,2,1,70,4,ST50PKT0YXRP
a0890771-5121-400a-8539-98ea825d8553,,,0,,,,,Beacon,26,46,4,2,2,70,4,ST50PKT0YWWL
d7a2776a-47d3-4fb9-a223-711f4cce431c,,,0,,,,,N01D-1330,121,47,4,2,3,70,4,ST50PKT0YXQQ
f70cf3d6-c04a-445f-b623-97bcf1560382,,,0,,,,,PURLER,139,48,4,2,4,70,4,ST50PKT0YY58
2b7356ad-c4a7-4e1f-a834-4474fc5bc4cf,,,0,,,,,BAROSSA,24,49,4,2,1,76,4,ST50PKT0YWVY
b48a48de-673f-4a01-823a-2401ce1750de,,,0,,,,,MADRIGAL x RECITAL DH LINE,108,5,4,2,1,10,4,ST50PKT0YXLJ
e6ffc73c-3b49-484c-aa1e-e13db71cda09,,,0,,,,,SCOOP,155,50,4,2,2,76,4,ST50PKT0YZ9D
b48ad67a-e3ef-4c59-9faf-43c22bec805e,,,0,,,,,IB 1368,93,51,4,2,3,76,4,ST50PKT0YZ3X
cfab4ccb-967b-430b-a8ec-a68cdb05e7ec,,,0,,,,,Wesway,198,52,4,2,4,76,4,ST50PKT0YYPQ
4d41909e-3e36-4dd9-a446-3bc7bb92db65,,,0,,,,,OLGA,130,53,4,2,1,82,4,ST50PKT0YXXJ
2783f8f0-d5fb-4f44-8818-e13cb0d673e8,,,0,,,,,LICROWN X EXPRESS DH LINE,107,54,4,2,2,82,4,ST50PKT0YXL6
94a9cbee-26d2-4b0e-b77f-4b3cb2bbabc1,,,0,,,,,Warrior CL,189,55,4,2,3,82,4,ST50PKT0YYN3
77a29506-f0d9-49f7-9196-689b1b77fd44,,,0,,,,,ASAHI,16,56,4,2,4,82,4,ST50PKT0YYSL
2d3031f0-74d2-4c54-a74b-580355b86eb4,,,0,,,,,IB 1337,92,57,4,2,1,88,4,ST50PKT0YXG0
fe7f9d4d-4eec-4683-967d-b2474b9093b7,,,0,,,,,REGENT,147,58,4,2,2,88,4,ST50PKT0YY7V
33b6a4fe-8064-445f-9d07-2d18d8b59e66,,,0,,,,,ATR-Eyre,18,59,4,2,3,88,4,ST50PKT0YWT0
d959cea1-a41d-4177-88df-08a8e9568dae,,,0,,,,,Ag-Saphire,12,6,4,2,2,10,4,ST50PKT0YWRQ
e0fbf234-7c2e-41f5-b0ec-9c9fd773412b,,,0,,,,,Q100,140,60,4,2,4,88,4,ST50PKT0YY5L
e3dff2cc-ce0b-4aed-94f0-7b80900e373c,,,0,,,,,MONTY,118,61,4,2,1,94,4,ST50PKT0YXPR
cfd36429-9fb1-4ba1-9501-5b025dbe3719,,,0,,,,,Surpass 603CL,167,62,4,2,2,94,4,ST50PKT0YYFN
1598af41-bbd8-4588-9830-2e414aefd1aa,,,0,,,,,Cobbler,55,63,4,2,3,94,4,ST50PKT0YX31
43305e41-5d2c-418a-8e65-2fbea58fbf7e,,,0,,,,,"""POH 285, Bolko""",137,64,4,2,4,94,4,ST50PKT0YY4Y
e2ad845c-48dc-4184-bc4d-63557b6c2cda,,,0,,,,,GEM,80,65,4,2,1,100,4,ST50PKT0YXBG
e5be8334-33ed-4762-b213-e721282401fe,,,0,,,,,RAPID CYCLING RAPE (CrGC5),146,66,4,2,2,100,4,ST50PKT0YY7J
c1923a6c-e90e-4e4c-865d-260d32c591dc,,,0,,,,,Cabernet,42,67,4,2,3,100,4,ST50PKT0YWZH
ca9676b4-8354-41a3-be6f-eb8d59c8daab,,,0,,,,,Matador,113,68,4,2,4,100,4,ST50PKT0YXN4
805ec406-0923-4123-ab97-570a3f899bea,,,0,,,,,Surpass 404CL,165,7,4,2,3,10,4,ST50PKT0YZB1
aac1ddc1-f477-477a-86fa-4a3842e2b9a3,,,0,,,,,BLN 287,34,8,4,2,4,10,4,ST50PKT0YYXG
8abf6949-567a-4ce5-b5f4-c1d1ea0b1b27,,,0,,,,,Palmedor,133,9,4,2,1,16,4,ST50PKT0YXYH
8e146016-85d7-4946-9082-589471be31bf,,,0,,,,,SURPASS400-024DH,168,1,5,2,1,5,4,ST50PKT0YYFZ
0581bb97-f36f-4c7f-a1a6-6162481735b9,,,0,,,,,Tawriffic TT,175,10,5,2,2,17,4,ST50PKT0YYHX
abbfb091-57cf-4c9a-b203-f6fe14c9d017,,,0,,,,,KARAT,99,11,5,2,3,17,4,ST50PKT0YXHY
150ebc30-f1bc-4a23-b41c-0713b97723d9,,,0,,,,,WESBARKER,191,12,5,2,4,17,4,ST50PKT0YZDY
89090b31-30fd-4270-bfef-e4c31ae1fb61,,,0,,,,,CYCLONE,61,13,5,2,1,23,4,ST50PKT0YYZ2
cac79739-bd37-4fdb-9db5-853f5373364b,,,0,,,,,Tarcoola,174,14,5,2,2,23,4,ST50PKT0YZCB
0ba88707-1d19-40cf-91b9-5fef60579181,,,0,,,,,Marnoo,111,15,5,2,3,23,4,ST50PKT0YXMH
b97b9de9-878e-4570-9008-9b0e5cadd307,,,0,,,,,Nugget,128,16,5,2,4,23,4,ST50PKT0YXSN
12ffca1f-7875-490c-a7dd-2b88fa52fcfa,,,0,,,,,CRESOR,57,17,5,2,1,29,4,ST50PKT0YX3P
1782c3f2-c943-47df-a4e7-e0be559e30cb,,,0,,,,,N02D-1952,122,18,5,2,2,29,4,ST50PKT0YXR1
f22da130-c4cc-4e7a-81df-167817e16620,,,0,,,,,Samourai,154,19,5,2,3,29,4,ST50PKT0YY9S
c7e6dd2c-367d-4790-8c06-0ebc15fd5d3d,,,0,,,,,Slovenska Krajova,161,2,5,2,2,5,4,ST50PKT0YYD1
2b8689c9-6f7f-487e-b550-9e91f0191363,,,0,,,,,Kubanskij,103,20,5,2,4,29,4,ST50PKT0YZ5J
8f191df1-5035-4f3f-80b8-289d037e258e,,,0,,,,,Cabriolet,43,21,5,2,1,35,4,ST50PKT0Z1PB
347ec2d7-7798-40ea-a417-c2118c444118,,,0,,,,,Ag-Comet,7,22,5,2,2,35,4,ST50PKT0YWQ3
73552c22-8681-4ab1-8062-28f5aa257a4b,,,0,,,,,Kromerska,102,23,5,2,3,35,4,ST50PKT0YXJX
673b1490-3ac2-4183-9af4-cfae7cfd6b78,,,0,,,,,LEMBKES MALCHOWER (LENORA),106,24,5,2,4,35,4,ST50PKT0YXKW
e7fcc0f0-400a-4c3f-8c11-eb64993d586e,,,0,,,,,BLN 5,37,25,5,2,1,41,4,ST50PKT0YWXW
70d981d2-b311-47e4-9b68-0689dfcaa598,,,0,,,,,Bronowski,40,26,5,2,2,41,4,ST50PKT0YYY3
054ec779-f2ca-481a-8d49-29a93212bf4f,,,0,,,,,Verona,186,27,5,2,3,41,4,ST50PKT0YYM4
9dc369ad-0c85-4ce0-966e-aef3753c5489,,,0,,,,,Masoweiki,112,28,5,2,4,41,4,ST50PKT0YXMT
d69b71be-8e02-4617-893c-cb64ec278137,,,0,,,,,NORIN,127,29,5,2,1,47,4,ST50PKT0Z1P0
041215af-c8d3-422c-aad3-f73f6efd2541,,,0,,,,,Huayou 8,89,3,5,2,3,5,4,ST50PKT0YXF1
d19d9176-b215-4520-a820-bc16756de41d,,,0,,,,,SIBERISCHE BOERENKOOL,158,30,5,2,2,47,4,ST50PKT0YYC2
9c84733d-ade8-4ff2-b3c8-14e7b0f9cb7d,,,0,,,,,TI 10,177,31,5,2,3,47,4,ST50PKT0YYJK
e57472b5-21e5-4d55-b492-89a3177dc1f2,,,0,,,,,ZIRCON,204,32,5,2,4,47,4,ST50PKT0YYRB
13fef72f-c379-446a-84a9-ae82661c3e34,,,0,,,,,Janetzkis Schlesischer,98,33,5,2,1,53,4,ST50PKT0YXHM
083b03b2-cce0-41ef-b339-d7eb8a069bc4,,,0,,,,,Ding110,66,34,5,2,2,53,4,ST50PKT0YX5Y
534e6aad-6154-4ecb-aeda-e3717e44d66a,,,0,,,,,TANTAL,172,35,5,2,3,53,4,ST50PKT0YYGY
84bcfbf2-a4c4-405f-b0e9-052dd319772a,,,0,,,,,BRAUNER SCHNITTKOHL,38,36,5,2,4,53,4,ST50PKT0YWY6
6e50546f-977f-4d58-bb60-caddb98c0d7f,,,0,,,,,CSR18,59,37,5,2,1,59,4,ST50PKT0YX4B
6a3fbd94-a26e-4e10-975b-f62a676bc1a7,,,0,,,,,Pioneer 7,134,38,5,2,2,59,4,ST50PKT0YY3N
808b6fb7-417c-47cc-9d42-52783f88d1c3,,,0,,,,,GSL1,84,39,5,2,3,59,4,ST50PKT0YXCF
528a3989-02f9-4aaa-9618-a0d094a7c622,,,0,,,,,ABUKUMA NATANE,5,4,5,2,4,5,4,ST50PKT0YWPG
20c7785b-3d4f-4c45-953c-e938aba66b46,,,0,,,,,BLN 329,35,40,5,2,4,59,4,ST50PKT0YYXS
dd3203b0-2e5b-4396-b829-6dcf54448de1,,,0,,,,,Ningyou 8,126,41,5,2,1,65,4,ST50PKT0YXSB
b1a35c7b-d57d-418b-9af1-b0fbe28c82f0,,,0,,,,,RZ5,152,42,5,2,2,65,4,ST50PKT0YY94
aa25f28d-d610-4189-84ce-aa0211273924,,,0,,,,,988,1,43,5,2,3,65,4,ST50PKT0YWNH
8aa43b26-b4d8-4335-af01-19a92a64a461,,,0,,,,,EUROL,74,44,5,2,4,65,4,ST50PKT0YX8J
09f2efe5-a5ee-4eac-b56a-6307c196a90a,,,0,,,,,CBWA-Tribune,49,45,5,2,1,71,4,ST50PKT0YX13
7e87cdba-cc03-4cd7-a9b8-4d41dd774926,,,0,,,,,Eyre,77,46,5,2,2,71,4,ST50PKT0YX9H
0409dc3c-883c-4947-b621-a68d5eb8f170,,,0,,,,,Baltia,23,47,5,2,3,71,4,ST50PKT0YWVM
e0fa4adf-c8b9-4534-bf6b-492fea92923f,,,0,,,,,CHINA C,53,48,5,2,4,71,4,ST50PKT0YX22
1b8644c7-d327-46d1-af40-eedb1b855068,,,0,,,,,DERBY,63,49,5,2,1,77,4,ST50PKT0YX59
7eb1335e-86fb-4e43-8c91-89cad1ecee82,,,0,,,,,TOWER,181,5,5,2,1,11,4,ST50PKT0YYKV
2ccf9b95-4c44-4c1e-86f5-4506f6c78478,,,0,,,,,Huron x Navajo,90,50,5,2,2,77,4,ST50PKT0YXFC
1f1ac07a-02af-4ce5-8bb3-e45c53909660,,,0,,,,,Quinta,141,51,5,2,3,77,4,ST50PKT0YY5X
769bd3d9-e0a0-4406-ac03-bcf6a97a6af9,,,0,,,,,PIVOT,136,52,5,2,4,77,4,ST50PKT0YY4M
df862076-edc4-4859-aff2-ca344b2facd9,,,0,,,,,AG-Castle,6,53,5,2,1,83,4,ST50PKT0YWPS
ac5518e4-7e4e-489e-9224-fa9d8c5bf40b,,,0,,,,,Hytec Trophy,91,54,5,2,2,83,4,ST50PKT0YZ3L
411e495c-3c86-4458-9694-28072233ca8e,,,0,,,,,Hakuran,85,55,5,2,3,83,4,ST50PKT0YXCR
40eb3d2b-f46a-43a6-9aaf-183459136bc2,,,0,,,,,Georgie,81,56,5,2,4,83,4,ST50PKT0YXBS
0ed81507-7e86-4914-99d3-cd45612ae000,,,0,,,,,BLN 279,33,57,5,2,1,89,4,ST50PKT0YYX4
18489ab3-4fb8-4b81-9cc5-9cc59a8f4145,,,0,,,,,TI1 PINNACLE,178,58,5,2,2,89,4,ST50PKT0YYJW
66b21d96-6239-4785-be0e-b24419618e53,,,0,,,,,Trooper,185,59,5,2,3,89,4,ST50PKT0YYLT
63851198-47dc-4c6c-b8d6-af96a38bb5d9,,,0,,,,,Rocket,149,6,5,2,2,11,4,ST50PKT0YY85
5ad45a2e-df9a-46d2-b4b7-bc645fde008c,,,0,,,,,WESTAR DH,197,60,5,2,4,89,4,ST50PKT0YYPD
aaab56dc-e1ce-42f4-bc78-d8033d48571d,,,0,,,,,Garnet,79,61,5,2,1,95,4,ST50PKT0YXB4
0439b2eb-11ee-4f84-98ac-0b091dbd0b66,,,0,,,,,Coriander,56,62,5,2,2,95,4,ST50PKT0YX3C
d2af8058-eab1-4d07-89b8-09031049e31a,,,0,,,,,ERGLU,73,63,5,2,3,95,4,ST50PKT0YX86
bbf388c4-ba48-44b6-8a48-80677240d5ac,,,0,,,,,991,3,64,5,2,4,95,4,ST50PKT0YWNT
1ac55382-4760-41a7-b29c-2168c0a98a44,,,0,,,,,Ag-Emblem,9,65,5,2,1,101,4,ST50PKT0YWQR
b7b5a05b-afd2-4a75-8fbb-76d4049f329c,,,0,,,,,Catana,48,66,5,2,2,101,4,ST50PKT0YX0S
d65e44cf-2089-458f-bb19-2018b3f26ee5,,,0,,,,,RAFAL DH1,142,67,5,2,3,101,4,ST50PKT0YY67
cb70b7b3-6197-4321-93b3-5c17092a8f94,,,0,,,,,Tina,179,68,5,2,4,101,4,ST50PKT0YYK6
3ce9631a-de6f-49a9-9090-5a3e1fa1ae5b,,,0,,,,,SHIRALEE,157,7,5,2,3,11,4,ST50PKT0YYBR
62eb2834-414c-4bbe-b77b-35f09053dcb8,,,0,,,,,RAINBOW,143,8,5,2,4,11,4,ST50PKT0YY6K
b169e837-a36f-4b46-901a-c729f0e99780,,,0,,,,,CLANCY,54,9,5,2,1,17,4,ST50PKT0YX2Q
58d1593d-5477-4f07-a661-e32a00997682,,,0,,,,,BravoTT,39,1,6,2,1,6,4,ST50PKT0YWYJ
424de57a-f137-46ef-8c1a-0101b4fe51c1,,,0,,,,,CRESUS,58,10,6,2,2,18,4,ST50PKT0YX40
1fdd825a-48c9-4519-ba41-d7fea8f18bc7,,,0,,,,,Ningyou 7,125,11,6,2,3,18,4,ST50PKT0YXS0
2c52bdfe-570a-4401-955f-bd5488747050,,,0,,,,,BLN 331,36,12,6,2,4,18,4,ST50PKT0YWXK
04ebcbf3-3677-496d-be53-2bd08ff1a60f,,,0,,,,,Midas,116,13,6,2,1,24,4,ST50PKT0YXP3
8818727f-4869-4228-ad18-52d5c541f804,,,0,,,,,STELLAR DH,162,14,6,2,2,24,4,ST50PKT0YYDC
e70e1579-4c6c-4b4e-bede-8d3f5e4cbe17,,,0,,,,,ATR-Beacon,17,15,6,2,3,24,4,ST50PKT0YWSP
44b20633-b369-4cad-a026-e133edfa7ca9,,,0,,,,,ALTEX,13,16,6,2,4,24,4,ST50PKT0YYS8
73315c5b-1a5e-4978-b170-b6beccb33559,,,0,,,,,Ag-Outback,11,17,6,2,1,30,4,ST50PKT0YWRD
77fb48ef-5022-46a5-a218-b3f9713f16ab,,,0,,,,,WESBROOK,193,18,6,2,2,30,4,ST50PKT0YYNR
1db7e3ea-4281-4cc3-9a9b-4ef0d0e2b6cb,,,0,,,,,BLN 198,29,19,6,2,3,30,4,ST50PKT0YWX7
0d682575-d331-442a-9ede-95faccf1c95e,,,0,,,,,SWU Chinese 2,171,2,6,2,2,6,4,ST50PKT0YZBP
f275e057-b0ac-4def-a74b-f32224e23471,,,0,,,,,TAPIDOR DH,173,20,6,2,4,30,4,ST50PKT0YYH8
bd8aa8a4-0a86-470a-ba75-3a63ad26e6e3,,,0,,,,,SV NIKLAS,169,21,6,2,1,36,4,ST50PKT0YYG9
e6f85974-a54d-4a53-968f-6b437b0b705a,,,0,,,,,MONTY-028DH,119,22,6,2,2,36,4,ST50PKT0YXQ2
f80ec201-3667-4586-869e-4b0ff5ce207c,,,0,,,,,Ramses,144,23,6,2,3,36,4,ST50PKT0YY6W
58c2b572-2906-48df-938e-d79adaf82e22,,,0,,,,,Rottnest TTC,150,24,6,2,4,36,4,ST50PKT0YY8H
f0590519-188d-4989-834a-d616c735e5ef,,,0,,,,,TRIBUTE,183,25,6,2,1,42,4,ST50PKT0YYLH
041a9b96-ecf0-4cdc-af96-c466a88ee66f,,,0,,,,,Ag-Drover,8,26,6,2,2,42,4,ST50PKT0YWQF
0c493bd3-1038-4f47-aa05-8842e48e100d,,,0,,,,,PROFIT,138,27,6,2,3,42,4,ST50PKT0YZ7G
5a95f677-ad24-49bd-acc6-ba4152e4b00c,,,0,,,,,Ceska Krajova,51,28,6,2,4,42,4,ST50PKT0YX1F
717bca0f-40b6-4aba-ab75-5bd9c4c754e5,,,0,,,,,ATR-Summitt,21,29,6,2,1,48,4,ST50PKT0YWTZ
d86bc672-d624-4a94-9e36-c682b41c7a41,,,0,,,,,RX5S,151,3,6,2,3,6,4,ST50PKT0YY8T
e59fb225-4508-4207-9727-bd5a8891f299,,,0,,,,,Stingray,163,30,6,2,2,48,4,ST50PKT0YYDP
c4eeb524-a6c2-4497-9f19-0468f3fe2877,,,0,,,,,Marasaki,109,31,6,2,3,48,4,ST50PKT0YXLV
aa2685f5-4024-4391-99b2-91c9b55fa313,,,0,,,,,HELIOS,88,32,6,2,4,48,4,ST50PKT0YXDQ
0822801e-b951-4534-9ee9-f6a4dad1efc8,,,0,,,,,BIENVENU DH4,27,33,6,2,1,54,4,ST50PKT0YWWX
aea966ee-5f1b-41e0-83dc-13514233d87b,,,0,,,,,Range,145,34,6,2,2,54,4,ST50PKT0YY76
9e5546d2-a502-41f5-9a9a-a85b6524bd1b,,,0,,,,,HANSEN X GASPARD DH LINE,87,35,6,2,3,54,4,ST50PKT0YXDD
cfa6473c-3aef-417c-85ff-0efffc085108,,,0,,,,,TRITON,184,36,6,2,4,54,4,ST50PKT0YZDM
b9058fea-8a58-4809-a5f6-bcabfc45ec75,,,0,,,,,Dimension,65,37,6,2,1,60,4,ST50PKT0YYZQ
de26526d-0da4-45e3-bdb9-ae1b7c7ae204,,,0,,,,,Xiangyou 15,200,38,6,2,2,60,4,ST50PKT0YYQ1
d9f8f35c-b8dd-4639-82c2-8a244c83bb2c,,,0,,,,,SKIPTON,160,39,6,2,3,60,4,ST50PKT0YYCQ
447bd932-d7e8-4b65-bed7-bd026716ffbe,,,0,,,,,Azuma (light Yellow),22,4,6,2,4,6,4,ST50PKT0YWV9
7703813b-7978-4123-b1f6-a8c44a492c69,,,0,,,,,KAROO-057DH,100,40,6,2,4,60,4,ST50PKT0YXJ8
e2afb19c-1476-4a88-bcbb-300bd01a39ce,,,0,,,,,Hanna,86,41,6,2,1,66,4,ST50PKT0YXD2
7414c6b0-a121-4e93-9ffb-42be7b4d88f2,,,0,,,,,MAZOWIECKI,114,42,6,2,2,66,4,ST50PKT0YXNG
3c8ac314-b47c-47df-903a-820edd6dae4e,,,0,,,,,6/06/3737,4,43,6,2,3,66,4,ST50PKT0YWP4
16517478-4bb3-477c-9a59-24d4d821ed10,,,0,,,,,SWU Chinese 1,170,44,6,2,4,66,4,ST50PKT0YYGM
29ba87eb-0be3-488e-a07e-5512b0595ec4,,,0,,,,,Insignia,95,45,6,2,1,72,4,ST50PKT0YXGN
a66484c5-a092-4beb-9ea6-86c1159fde50,,,0,,,,,BLN 273,32,46,6,2,2,72,4,ST50PKT0YYWT
cd9be98d-e7b8-4b20-9d8c-bad0ed7021a7,,,0,,,,,MYSTIC,120,47,6,2,3,72,4,ST50PKT0YXQD
313878fe-43ff-4e13-a2e1-32f68229cfcf,,,0,,,,,CANARD,44,48,6,2,4,72,4,ST50PKT0YWZT
0dc6065c-ad79-4f99-aa31-03b4bb936749,,,0,,,,,CANBERRA x COURAGE DH LINE,45,49,6,2,1,78,4,ST50PKT0YX04
de16d1bb-858c-4c49-b6e4-2dea536dd49b,,,0,,,,,SURPASS 600,166,5,6,2,1,12,4,ST50PKT0YYFB
7863d7ae-4485-4de7-a8fd-36fc09e7cbff,,,0,,,,,DELTA,62,50,6,2,2,78,4,ST50PKT0YX4Z
8fd5f2fd-2c15-4a86-a811-43c69428898f,,,0,,,,,Apex,14,51,6,2,3,78,4,ST50PKT0YWS1
8e1d710e-8047-402f-a07b-b1b63a9e47f4,,,0,,,,,CUBS ROOT,60,52,6,2,4,78,4,ST50PKT0YX4N
e21c5f3d-5335-4d9d-aa75-0fa1843e5a67,,,0,,,,,LEGEND,105,53,6,2,1,84,4,ST50PKT0YXKK
89f9f144-cd51-4592-8fda-51a23dab38e0,,,0,,,,,SINUS,159,54,6,2,2,84,4,ST50PKT0YYCD
f416e5d9-4b9b-41bc-a04f-ed80e89a039f,,,0,,,,,OAC TRITAN,129,55,6,2,3,84,4,ST50PKT0YXX6
116c3f74-1586-40ce-9374-9e153ac16e39,,,0,,,,,"""MOANA, MOANA RAPE""",117,56,6,2,4,84,4,ST50PKT0YXPF
d12e3dce-9f48-4a23-8d2e-b7d18c24738c,,,0,,,,,Westar,196,57,6,2,1,90,4,ST50PKT0YZFX
d1563037-f0dc-48f5-ad78-d57e6aaddb2f,,,0,,,,,YICKADEE,201,58,6,2,2,90,4,ST50PKT0YYQC
ae9a5b2b-5963-4527-b122-d3d34e07f374,,,0,,,,,BLN 199,30,59,6,2,3,90,4,ST50PKT0YYW5
081502b1-b2e9-4a28-ad6a-846f54630160,,,0,,,,,Temple,176,6,6,2,2,12,4,ST50PKT0YYJ7
2039831f-ccc7-4e52-97f7-711d6dc84fca,,,0,,,,,BC5 TOWER,25,60,6,2,4,90,4,ST50PKT0YWW8
08558891-13f4-4719-9e76-f0809a54bef6,,,0,,,,,JADE,97,61,6,2,1,96,4,ST50PKT0YXH9
df8e15c8-7135-49c0-b5dc-50cf3a70b986,,,0,,,,,IWANAI,96,62,6,2,2,96,4,ST50PKT0YXGZ
8c41bf2e-28c6-439a-bc09-0089cc65a6ba,,,0,,,,,SHANNON x WINNER DH LINE,156,63,6,2,3,96,4,ST50PKT0YYB3
ae2af97a-53b7-4be5-a49b-be24b869e9e8,,,0,,,,,ATR-Spectrum,20,64,6,2,4,96,4,ST50PKT0YWTN
6db32e50-25a2-472b-9218-70ffc95fe0a6,,,0,,,,,Wesreo,194,65,6,2,1,102,4,ST50PKT0YYP2
878f95df-fca0-4c48-aba0-eac169f2912b,,,0,,,,,ARGENTINA,15,66,6,2,2,102,4,ST50PKT0YWSC
726bf587-1575-45b4-8bbc-47aa5f609c68,,,0,,,,,Duplo,71,67,6,2,3,102,4,ST50PKT0YX7K
b0cd4bcb-aa8c-49c2-ac91-a0a69ce706d1,,,0,,,,,DRUM,69,68,6,2,4,102,4,ST50PKT0YZ0C
ca452a98-a543-4e06-92fb-c810286f5220,,,0,,,,,Pioneer 8,135,7,6,2,3,12,4,ST50PKT0YY3Z
fc235749-570b-4d6c-b25f-334d80a2b871,,,0,,,,,WESROONA,195,8,6,2,4,12,4,ST50PKT0YZFL
df74a940-f775-4d36-bbba-e165955792e9,,,0,,,,,CHARLTON,52,9,6,2,1,18,4,ST50PKT0YX1R
