Final layout Boroowa 2019 field trial - TOS2,,,,,,,,,,
ID,ENTRY,ROW,RANGE,REP,Box,Order,,field packet stem id,Tanya's Mistake replacement,
988,1,42,2,1,2,62,3,ST50PKT0YWNG,,
988,1,43,5,2,3,65,4,ST50PKT0YWNH,,
989,2,14,1,1,2,19,3,ST50PKT0YYRX,,
989,2,15,4,2,3,22,4,ST50PKT0YYRY,,
991,3,64,5,2,4,95,4,ST50PKT0YWNT,,
991,3,65,2,1,1,98,3,ST50PKT0YWNS,,
6/06/3737,4,17,2,1,1,26,3,ST50PKT0YWP3,,
6/06/3737,4,43,6,2,3,66,4,ST50PKT0YWP4,,
"""MOANA, MOANA RAPE""",117,24,3,1,4,33,3,ST50PKT0YXPD,,
"""MOANA, MOANA RAPE""",117,56,6,2,4,84,4,ST50PKT0YXPF,,
"""POH 285, Bolko""",137,64,4,2,4,94,4,ST50PKT0YY4Y,,
"""POH 285, Bolko""",137,68,3,1,4,99,3,ST50PKT0YY4X,,
ABUKUMA NATANE,5,3,1,1,3,1,3,ST50PKT0YWPF,,
ABUKUMA NATANE,5,4,5,2,4,5,4,ST50PKT0YWPG,,
AG-Castle,6,4,3,1,4,3,3,ST50PKT0YWPR,,
AG-Castle,6,53,5,2,1,83,4,ST50PKT0YWPS,,
Ag-Comet,7,22,5,2,2,35,4,ST50PKT0YWQ3,,
Ag-Comet,7,51,3,1,3,75,3,ST50PKT0YWQ2,,
Ag-Drover,8,26,6,2,2,42,4,ST50PKT0YWQF,,
Ag-Drover,8,49,1,1,1,73,3,ST50PKT0YWQD,,
Ag-Emblem,9,21,1,1,1,31,3,ST50PKT0YWQQ,,
Ag-Emblem,9,65,5,2,1,101,4,ST50PKT0YWQR,,
Ag-Muster,10,23,4,2,3,34,4,ST50PKT0YWR2,,
Ag-Muster,10,65,1,1,1,97,3,ST50PKT0YWR1,,
Ag-Outback,11,16,2,1,4,20,3,ST50PKT0YWRC,,
Ag-Outback,11,17,6,2,1,30,4,ST50PKT0YWRD,,
Ag-Saphire,12,6,4,2,2,10,4,ST50PKT0YWRQ,,
Ag-Saphire,12,36,1,1,4,49,3,ST50PKT0YWRP,,
ALTEX,13,15,3,1,3,21,3,ST50PKT0YYS7,,
ALTEX,13,16,6,2,4,24,4,ST50PKT0YYS8,,
Apex,14,18,2,1,2,26,3,ST50PKT0YWS0,,
Apex,14,51,6,2,3,78,4,ST50PKT0YWS1,,
ARGENTINA,15,66,6,2,2,102,4,ST50PKT0YWSC,,
ARGENTINA,15,67,1,1,3,97,3,ST50PKT0YWSB,,
ASAHI,16,29,2,1,1,44,3,ST50PKT0YYSK,,
ASAHI,16,56,4,2,4,82,4,ST50PKT0YYSL,,
ATR-Beacon,17,15,6,2,3,24,4,ST50PKT0YWSP,,
ATR-Beacon,17,41,1,1,1,61,3,ST50PKT0YWSN,,
ATR-Eyre,18,59,4,2,3,88,4,ST50PKT0YWT0,,
ATR-Eyre,18,60,1,1,4,85,3,ST50PKT0YWSZ,,
ATR-Hyden,19,32,4,2,4,46,4,ST50PKT0YWTB,,
ATR-Hyden,19,61,3,1,1,93,3,ST50PKT0YWT9,,
ATR-Spectrum,20,8,1,1,4,7,3,ST50PKT0YWTM,,
ATR-Spectrum,20,64,6,2,4,96,4,ST50PKT0YWTN,,
ATR-Summitt,21,29,6,2,1,48,4,ST50PKT0YWTZ,,
ATR-Summitt,21,63,3,1,3,93,3,ST50PKT0YWTY,,
Azuma (light Yellow),22,4,6,2,4,6,4,ST50PKT0YWV9,,
Azuma (light Yellow),22,48,2,1,4,68,3,ST50PKT0YWV8,,
Baltia,23,34,2,1,2,50,3,ST50PKT0YWVL,,
Baltia,23,47,5,2,3,71,4,ST50PKT0YWVM,,
BAROSSA,24,35,3,1,3,51,3,ST50PKT0YWVX,,
BAROSSA,24,49,4,2,1,76,4,ST50PKT0YWVY,,
BC5 TOWER,25,58,1,1,2,85,3,ST50PKT0YWW7,,
BC5 TOWER,25,60,6,2,4,90,4,ST50PKT0YWW8,,
Beacon,26,10,3,1,2,15,3,ST50PKT0YWWK,,
Beacon,26,46,4,2,2,70,4,ST50PKT0YWWL,,
BIENVENU DH4,27,32,3,1,4,45,3,ST50PKT0YWWW,,
BIENVENU DH4,27,33,6,2,1,54,4,ST50PKT0YWWX,,
BLN 156,28,10,2,1,2,14,3,ST50PKT0YYVT,,
BLN 156,28,11,4,2,3,16,4,ST50PKT0YYVV,,
BLN 198,29,19,6,2,3,30,4,ST50PKT0YWX7,,
BLN 198,29,52,2,1,4,74,3,ST50PKT0YWX6,,
BLN 199,30,8,2,1,4,8,3,ST50PKT0YYW4,,
BLN 199,30,59,6,2,3,90,4,ST50PKT0YYW5,,
BLN 270,31,20,1,1,4,25,3,ST50PKT0YYWG,,
BLN 270,31,43,4,2,3,64,4,ST50PKT0YYWH,,
BLN 273,32,45,3,1,1,69,3,ST50PKT0YYWS,,
BLN 273,32,46,6,2,2,72,4,ST50PKT0YYWT,,
BLN 279,33,33,1,1,1,49,3,ST50PKT0YYX3,,
BLN 279,33,57,5,2,1,89,4,ST50PKT0YYX4,,
BLN 287,34,8,4,2,4,10,4,ST50PKT0YYXG,,
BLN 287,34,54,3,1,2,81,3,ST50PKT0YYXF,,
BLN 329,35,16,1,1,4,19,3,ST50PKT0YYXR,,
BLN 329,35,40,5,2,4,59,4,ST50PKT0YYXS,,
BLN 331,36,12,6,2,4,18,4,ST50PKT0YWXK,,
BLN 331,36,13,3,1,1,21,3,ST50PKT0YWXJ,,
BLN 5,37,25,5,2,1,41,4,ST50PKT0YWXW,,
BLN 5,37,52,1,1,4,73,3,ST50PKT0YWXV,,
BRAUNER SCHNITTKOHL,38,33,3,1,1,51,3,ST50PKT0YWY5,,
BRAUNER SCHNITTKOHL,38,36,5,2,4,53,4,ST50PKT0YWY6,,
BravoTT,39,1,6,2,1,6,4,ST50PKT0YWYJ,,
BravoTT,39,55,3,1,3,81,3,ST50PKT0YWYH,,
Bronowski,40,18,3,1,2,27,3,ST50PKT0YYY2,,
Bronowski,40,26,5,2,2,41,4,ST50PKT0YYY3,,
Bugle,41,13,4,2,1,22,4,ST50PKT0YWZ5,,
Bugle,41,52,3,1,4,75,3,ST50PKT0YWZ4,,
Cabernet,42,17,1,1,1,25,3,ST50PKT0YWZG,,
Cabernet,42,67,4,2,3,100,4,ST50PKT0YWZH,,
Cabriolet,43,21,5,2,1,35,4,ST50PKT0Z1PB,,
Cabriolet,43,40,3,1,4,57,3,ST50PKT0Z1P9,,
CANARD,44,47,3,1,3,69,3,ST50PKT0YWZS,,
CANARD,44,48,6,2,4,72,4,ST50PKT0YWZT,,
CANBERRA x COURAGE DH LINE,45,24,2,1,4,32,3,ST50PKT0YX03,,
CANBERRA x COURAGE DH LINE,45,49,6,2,1,78,4,ST50PKT0YX04,,
Capitol,46,19,4,2,3,28,4,ST50PKT0YX0G,Only sent 1 Rep to BoorowaTos2.  3 Envelopes to Gatton,Forgotten to replace with GLOBAL in TOS1
Capitol,46,44,2,1,4,62,3,ST50PKT0YX0F,Replaced with IB1487 (envelope 2),
Castille,47,38,4,2,2,58,4,ST50PKT0YYYF,Only sent 1 Rep to BoorowaTos2.  3 Envelopes to Gatton,Forgotten to replace with Taisetsu in TOS1
Castille,47,40,2,1,4,56,3,ST50PKT0YYYD,Replaced with IB1487 (envelope 3),
Catana,48,27,2,1,3,38,3,ST50PKT0YX0R,,
Catana,48,66,5,2,2,101,4,ST50PKT0YX0S,,
CBWA-Tribune,49,7,1,1,3,7,3,ST50PKT0YX12,,
CBWA-Tribune,49,45,5,2,1,71,4,ST50PKT0YX13,,
CBWA-Trigold,50,33,4,2,1,52,4,ST50PKT0YYYR,,
CBWA-Trigold,50,58,2,1,2,86,3,ST50PKT0YYYQ,,
Ceska Krajova,51,28,6,2,4,42,4,ST50PKT0YX1F,,
Ceska Krajova,51,39,2,1,3,56,3,ST50PKT0YX1D,,
CHARLTON,52,9,6,2,1,18,4,ST50PKT0YX1R,,
CHARLTON,52,38,1,1,2,55,3,ST50PKT0YX1Q,,
CHINA C,53,9,2,1,1,14,3,ST50PKT0YX21,,
CHINA C,53,48,5,2,4,71,4,ST50PKT0YX22,,
CLANCY,54,9,5,2,1,17,4,ST50PKT0YX2Q,,
CLANCY,54,10,1,1,2,13,3,ST50PKT0YX2P,,
Cobbler,55,63,4,2,3,94,4,ST50PKT0YX31,,
Cobbler,55,64,1,1,4,91,3,ST50PKT0YX30,,
Coriander,56,61,1,1,1,91,3,ST50PKT0YX3B,,
Coriander,56,62,5,2,2,95,4,ST50PKT0YX3C,,
CRESOR,57,17,5,2,1,29,4,ST50PKT0YX3P,,
CRESOR,57,62,2,1,2,92,3,ST50PKT0YX3N,,
CRESUS,58,10,6,2,2,18,4,ST50PKT0YX40,,
CRESUS,58,59,1,1,3,85,3,ST50PKT0YX3Z,,
CSR18,59,37,5,2,1,59,4,ST50PKT0YX4B,,
CSR18,59,38,2,1,2,56,3,ST50PKT0YX49,,
CUBS ROOT,60,52,6,2,4,78,4,ST50PKT0YX4N,,
CUBS ROOT,60,53,2,1,1,80,3,ST50PKT0YX4M,,
CYCLONE,61,13,5,2,1,23,4,ST50PKT0YYZ2,,
CYCLONE,61,51,1,1,3,73,3,ST50PKT0YYZ1,,
DELTA,62,9,3,1,1,15,3,ST50PKT0YX4Y,,
DELTA,62,50,6,2,2,78,4,ST50PKT0YX4Z,,
DERBY,63,2,1,1,2,1,3,ST50PKT0YX58,,
DERBY,63,49,5,2,1,77,4,ST50PKT0YX59,,
Diamond,64,3,4,2,3,4,4,ST50PKT0YYZD,,
Diamond,64,59,3,1,3,87,3,ST50PKT0YYZC,,
Dimension,65,25,1,1,1,37,3,ST50PKT0YYZP,,
Dimension,65,37,6,2,1,60,4,ST50PKT0YYZQ,,
Ding110,66,34,5,2,2,53,4,ST50PKT0YX5Y,,
Ding110,66,35,1,1,3,49,3,ST50PKT0YX5X,,
Doral,67,29,4,2,1,46,4,ST50PKT0YX6L,,
Doral,67,30,1,1,2,43,3,ST50PKT0YX6K,,
Drakkar,68,10,4,2,2,16,4,ST50PKT0YZ01,,
Drakkar,68,43,3,1,3,63,3,ST50PKT0YZ00,,
DRUM,69,12,1,1,4,13,3,ST50PKT0YZ0B,,
DRUM,69,68,6,2,4,102,4,ST50PKT0YZ0C,,
Dunkeld,70,16,3,1,4,21,3,ST50PKT0YX76,,
Dunkeld,70,44,4,2,4,64,4,ST50PKT0YX77,,
Duplo,71,44,3,1,4,63,3,ST50PKT0YX7J,,
Duplo,71,67,6,2,3,102,4,ST50PKT0YX7K,,
Dwarf Essex,72,4,4,2,4,4,4,ST50PKT0YX7W,,
Dwarf Essex,72,57,2,1,1,86,3,ST50PKT0YX7V,,
ERGLU,73,14,2,1,2,20,3,ST50PKT0YX85,,
ERGLU,73,63,5,2,3,95,4,ST50PKT0YX86,,
EUROL,74,44,5,2,4,65,4,ST50PKT0YX8J,,
EUROL,74,45,2,1,1,68,3,ST50PKT0YX8H,,
EURORA,75,14,4,2,2,22,4,ST50PKT0YX8V,,
EURORA,75,62,3,1,2,93,3,ST50PKT0YX8T,,
Excalibur,76,5,1,1,1,7,3,ST50PKT0YX94,,
Excalibur,76,25,4,2,1,40,4,ST50PKT0YX95,,
Eyre,77,46,5,2,2,71,4,ST50PKT0YX9H,,
Eyre,77,47,1,1,3,67,3,ST50PKT0YX9G,,
Flinders TTC,78,22,4,2,2,34,4,ST50PKT0YZ1B,,
Flinders TTC,78,67,2,1,3,98,3,ST50PKT0YZ19,,
Garnet,79,28,3,1,4,39,3,ST50PKT0YXB3,,
Garnet,79,61,5,2,1,95,4,ST50PKT0YXB4,,
GEM,80,19,3,1,3,27,3,ST50PKT0YXBF,,
GEM,80,65,4,2,1,100,4,ST50PKT0YXBG,,
Georgie,81,17,3,1,1,27,3,ST50PKT0YXBR,,
Georgie,81,56,5,2,4,83,4,ST50PKT0YXBS,,
GOLDEN,82,26,4,2,2,40,4,ST50PKT0YXC3,,
GOLDEN,82,46,2,1,2,68,3,ST50PKT0YXC2,,
GROENE GRONINGER SNIJMOES,83,34,4,2,2,52,4,ST50PKT0Z1PN,,
GROENE GRONINGER SNIJMOES,83,68,1,1,4,97,3,ST50PKT0Z1PM,,
GSL1,84,25,3,1,1,39,3,ST50PKT0YXCD,,
GSL1,84,39,5,2,3,59,4,ST50PKT0YXCF,,
Hakuran,85,5,2,1,1,8,3,ST50PKT0YXCQ,,
Hakuran,85,55,5,2,3,83,4,ST50PKT0YXCR,,
Hanna,86,4,2,1,4,2,3,ST50PKT0YXD1,,
Hanna,86,41,6,2,1,66,4,ST50PKT0YXD2,,
HANSEN X GASPARD DH LINE,87,35,6,2,3,54,4,ST50PKT0YXDD,,
HANSEN X GASPARD DH LINE,87,36,2,1,4,50,3,ST50PKT0YXDC,,
HELIOS,88,32,6,2,4,48,4,ST50PKT0YXDQ,,
HELIOS,88,59,2,1,3,86,3,ST50PKT0YXDP,,
Huayou 8,89,3,5,2,3,5,4,ST50PKT0YXF1,,
Huayou 8,89,53,3,1,1,81,3,ST50PKT0YXF0,,
Huron x Navajo,90,32,2,1,4,44,3,ST50PKT0YXFB,,
Huron x Navajo,90,50,5,2,2,77,4,ST50PKT0YXFC,,
Hytec Trophy,91,54,5,2,2,83,4,ST50PKT0YZ3L,,
Hytec Trophy,91,55,1,1,3,79,3,ST50PKT0YZ3K,,
IB 1337,92,8,3,1,4,9,3,ST50PKT0YXFZ,,
IB 1337,92,57,4,2,1,88,4,ST50PKT0YXG0,,
IB 1368,93,37,1,1,1,55,3,ST50PKT0YZ3W,,
IB 1368,93,51,4,2,3,76,4,ST50PKT0YZ3X,,
Inca x Contact,94,1,3,1,1,3,3,ST50PKT0YXG9,,
Inca x Contact,94,21,4,2,1,34,4,ST50PKT0YXGB,,
Insignia,95,11,3,1,3,15,3,ST50PKT0YXGM,,
Insignia,95,45,6,2,1,72,4,ST50PKT0YXGN,,
IWANAI,96,23,1,1,3,31,3,ST50PKT0YXGY,,
IWANAI,96,62,6,2,2,96,4,ST50PKT0YXGZ,,
JADE,97,60,3,1,4,87,3,ST50PKT0YXH8,,
JADE,97,61,6,2,1,96,4,ST50PKT0YXH9,,
Janetzkis Schlesischer,98,33,5,2,1,53,4,ST50PKT0YXHM,,
Janetzkis Schlesischer,98,37,3,1,1,57,3,ST50PKT0YXHL,,
KARAT,99,11,5,2,3,17,4,ST50PKT0YXHY,,
KARAT,99,64,3,1,4,93,3,ST50PKT0YXHX,,
KAROO-057DH,100,39,1,1,3,55,3,ST50PKT0YXJ7,,
KAROO-057DH,100,40,6,2,4,60,4,ST50PKT0YXJ8,,
KONGO,101,15,1,1,3,19,3,ST50PKT0YXJK,,
KONGO,101,18,4,2,2,28,4,ST50PKT0YXJL,,
Kromerska,102,23,5,2,3,35,4,ST50PKT0YXJX,,
Kromerska,102,55,2,1,3,80,3,ST50PKT0YXJW,,
Kubanskij,103,19,1,1,3,25,3,ST50PKT0YZ5H,,
Kubanskij,103,20,5,2,4,29,4,ST50PKT0YZ5J,,
Lantern,104,2,4,2,2,4,4,ST50PKT0YXK7,,
Lantern,104,48,3,1,4,69,3,ST50PKT0YXK6,,
LEGEND,105,6,1,1,2,7,3,ST50PKT0YXKJ,,
LEGEND,105,53,6,2,1,84,4,ST50PKT0YXKK,,
LEMBKES MALCHOWER (LENORA),106,24,5,2,4,35,4,ST50PKT0YXKW,,
LEMBKES MALCHOWER (LENORA),106,66,1,1,2,97,3,ST50PKT0YXKV,,
LICROWN X EXPRESS DH LINE,107,54,4,2,2,82,4,ST50PKT0YXL6,,
LICROWN X EXPRESS DH LINE,107,56,3,1,4,81,3,ST50PKT0YXL5,,
MADRIGAL x RECITAL DH LINE,108,5,4,2,1,10,4,ST50PKT0YXLJ,,
MADRIGAL x RECITAL DH LINE,108,45,1,1,1,67,3,ST50PKT0YXLH,,
Marasaki,109,30,3,1,2,45,3,ST50PKT0YXLT,,
Marasaki,109,31,6,2,3,48,4,ST50PKT0YXLV,,
Marlin,110,41,4,2,1,64,4,ST50PKT0YXM5,,
Marlin,110,42,1,1,2,61,3,ST50PKT0YXM4,,
Marnoo,111,13,2,1,1,20,3,ST50PKT0YXMG,,
Marnoo,111,15,5,2,3,23,4,ST50PKT0YXMH,,
Masoweiki,112,28,5,2,4,41,4,ST50PKT0YXMT,,
Masoweiki,112,29,1,1,1,43,3,ST50PKT0YXMS,,
Matador,113,21,2,1,1,32,3,ST50PKT0YXN3,,
Matador,113,68,4,2,4,100,4,ST50PKT0YXN4,,
MAZOWIECKI,114,13,1,1,1,19,3,ST50PKT0YXNF,,
MAZOWIECKI,114,42,6,2,2,66,4,ST50PKT0YXNG,,
Mestnij,115,16,4,2,4,22,4,ST50PKT0YXNS,,
Mestnij,115,37,2,1,1,56,3,ST50PKT0YXNR,,
Midas,116,13,6,2,1,24,4,ST50PKT0YXP3,,
Midas,116,43,2,1,3,62,3,ST50PKT0YXP2,,
MONTY,118,31,2,1,3,44,3,ST50PKT0YXPQ,,
MONTY,118,61,4,2,1,94,4,ST50PKT0YXPR,,
MONTY-028DH,119,22,6,2,2,36,4,ST50PKT0YXQ2,,
MONTY-028DH,119,61,2,1,1,92,3,ST50PKT0YXQ1,,
MYSTIC,120,26,3,1,2,39,3,ST50PKT0YXQC,,
MYSTIC,120,47,6,2,3,72,4,ST50PKT0YXQD,,
N01D-1330,121,28,1,1,4,37,3,ST50PKT0YXQP,,
N01D-1330,121,47,4,2,3,70,4,ST50PKT0YXQQ,,
N02D-1952,122,18,5,2,2,29,4,ST50PKT0YXR1,,
N02D-1952,122,20,2,1,4,26,3,ST50PKT0YXR0,,
NARENDRA,123,31,4,2,3,46,4,ST50PKT0YXRC,,
NARENDRA,123,33,2,1,1,50,3,ST50PKT0YXRB,,
NINDOO,124,2,2,1,2,2,3,ST50PKT0YXRN,,
NINDOO,124,45,4,2,1,70,4,ST50PKT0YXRP,,
Ningyou 7,125,11,6,2,3,18,4,ST50PKT0YXS0,,
Ningyou 7,125,35,2,1,3,50,3,ST50PKT0YXRZ,,
Ningyou 8,126,39,3,1,3,57,3,ST50PKT0YXS9,,
Ningyou 8,126,41,5,2,1,65,4,ST50PKT0YXSB,,
NORIN,127,29,5,2,1,47,4,ST50PKT0Z1P0,,
NORIN,127,31,3,1,3,45,3,ST50PKT0Z1NZ,,
Nugget,128,16,5,2,4,23,4,ST50PKT0YXSN,,
Nugget,128,50,2,1,2,74,3,ST50PKT0YXSM,,
OAC TRITAN,129,55,6,2,3,84,4,ST50PKT0YXX6,,
OAC TRITAN,129,56,2,1,4,80,3,ST50PKT0YXX5,,
OLGA,130,53,4,2,1,82,4,ST50PKT0YXXJ,,
OLGA,130,54,2,1,2,80,3,ST50PKT0YXXH,,
Oro,131,24,4,2,4,34,4,ST50PKT0YXXV,,
Oro,131,50,3,1,2,75,3,ST50PKT0YXXT,,
OSCAR,132,28,4,2,4,40,4,ST50PKT0YXY5,,
OSCAR,132,66,2,1,2,98,3,ST50PKT0YXY4,,
Palmedor,133,9,4,2,1,16,4,ST50PKT0YXYH,,
Palmedor,133,49,2,1,1,74,3,ST50PKT0YXYG,,
Pioneer 7,134,12,2,1,4,14,3,ST50PKT0YY3M,Waiting for MTA,
Pioneer 7,134,38,5,2,2,59,4,ST50PKT0YY3N,,
Pioneer 8,135,7,6,2,3,12,4,ST50PKT0YY3Z,,
Pioneer 8,135,57,3,1,1,87,3,ST50PKT0YY3Y,,
PIVOT,136,24,1,1,4,31,3,ST50PKT0YY4L,,
PIVOT,136,52,5,2,4,77,4,ST50PKT0YY4M,,
PROFIT,138,27,6,2,3,42,4,ST50PKT0YZ7G,,
PROFIT,138,28,2,1,4,38,3,ST50PKT0YZ7F,,
PURLER,139,26,2,1,2,38,3,ST50PKT0YY57,,
PURLER,139,48,4,2,4,70,4,ST50PKT0YY58,,
Q100,140,22,2,1,2,32,3,ST50PKT0YY5K,,
Q100,140,60,4,2,4,88,4,ST50PKT0YY5L,,
Quinta,141,21,3,1,1,33,3,ST50PKT0YY5W,Only sent 1 Rep to BoorowaTos2.  5 Envelopes to Gatton,Forgotten to replaced with Zachodini in TOS1
Quinta,141,51,5,2,3,77,4,ST50PKT0YY5X,Replaced with IB1487 (envelope 1),
RAFAL DH1,142,67,5,2,3,101,4,ST50PKT0YY67,,
RAFAL DH1,142,68,2,1,4,98,3,ST50PKT0YY66,,
RAINBOW,143,8,5,2,4,11,4,ST50PKT0YY6K,,
RAINBOW,143,51,2,1,3,74,3,ST50PKT0YY6J,,
Ramses,144,22,3,1,2,33,3,ST50PKT0YY6V,,
Ramses,144,23,6,2,3,36,4,ST50PKT0YY6W,,
Range,145,34,6,2,2,54,4,ST50PKT0YY76,,
Range,145,41,3,1,1,63,3,ST50PKT0YY75,,
RAPID CYCLING RAPE (CrGC5),146,7,2,1,3,8,3,ST50PKT0YY7H,,
RAPID CYCLING RAPE (CrGC5),146,66,4,2,2,100,4,ST50PKT0YY7J,,
REGENT,147,4,1,1,4,1,3,ST50PKT0YY7T,,
REGENT,147,58,4,2,2,88,4,ST50PKT0YY7V,,
RESTON,148,3,3,1,3,3,3,ST50PKT0YZ82,,
RESTON,148,30,4,2,2,46,4,ST50PKT0YZ83,,
Rocket,149,6,5,2,2,11,4,ST50PKT0YY85,,
Rocket,149,49,3,1,1,75,3,ST50PKT0YY84,,
Rottnest TTC,150,24,6,2,4,36,4,ST50PKT0YY8H,,
Rottnest TTC,150,65,3,1,1,99,3,ST50PKT0YY8G,,
RX5S,151,3,6,2,3,6,4,ST50PKT0YY8T,,
RX5S,151,56,1,1,4,79,3,ST50PKT0YY8S,,
RZ5,152,14,3,1,2,21,3,ST50PKT0YY93,,
RZ5,152,42,5,2,2,65,4,ST50PKT0YY94,,
RZ6,153,23,3,1,3,33,3,ST50PKT0YY9F,,
RZ6,153,37,4,2,1,58,4,ST50PKT0YY9G,,
Samourai,154,19,5,2,3,29,4,ST50PKT0YY9S,,
Samourai,154,46,3,1,2,69,3,ST50PKT0YY9R,,
SCOOP,155,18,1,1,2,25,3,ST50PKT0YZ9C,,
SCOOP,155,50,4,2,2,76,4,ST50PKT0YZ9D,,
SHANNON x WINNER DH LINE,156,19,2,1,3,26,3,ST50PKT0YYB2,,
SHANNON x WINNER DH LINE,156,63,6,2,3,96,4,ST50PKT0YYB3,,
SHIRALEE,157,6,2,1,2,8,3,ST50PKT0YYBQ,,
SHIRALEE,157,7,5,2,3,11,4,ST50PKT0YYBR,,
SIBERISCHE BOERENKOOL,158,30,5,2,2,47,4,ST50PKT0YYC2,,
SIBERISCHE BOERENKOOL,158,41,2,1,1,62,3,ST50PKT0YYC1,,
SINUS,159,27,3,1,3,39,3,ST50PKT0YYCC,,
SINUS,159,54,6,2,2,84,4,ST50PKT0YYCD,,
SKIPTON,160,38,3,1,2,57,3,ST50PKT0YYCP,,
SKIPTON,160,39,6,2,3,60,4,ST50PKT0YYCQ,,
Slovenska Krajova,161,2,5,2,2,5,4,ST50PKT0YYD1,,
Slovenska Krajova,161,40,1,1,4,55,3,ST50PKT0YYD0,,
STELLAR DH,162,14,6,2,2,24,4,ST50PKT0YYDC,,
STELLAR DH,162,66,3,1,2,99,3,ST50PKT0YYDB,,
Stingray,163,22,1,1,2,31,3,ST50PKT0YYDN,,
Stingray,163,30,6,2,2,48,4,ST50PKT0YYDP,,
Stubby,164,1,4,2,1,4,4,ST50PKT0YYF0,,
Stubby,164,53,1,1,1,79,3,ST50PKT0YYDZ,,
Surpass 404CL,165,7,4,2,3,10,4,ST50PKT0YZB1,,
Surpass 404CL,165,25,2,1,1,38,3,ST50PKT0YZB0,,
SURPASS 600,166,5,6,2,1,12,4,ST50PKT0YYFB,,
SURPASS 600,166,6,3,1,2,9,3,ST50PKT0YYF9,,
Surpass 603CL,167,12,3,1,4,15,3,ST50PKT0YYFM,,
Surpass 603CL,167,62,4,2,2,94,4,ST50PKT0YYFN,,
SURPASS400-024DH,168,1,5,2,1,5,4,ST50PKT0YYFZ,,
SURPASS400-024DH,168,60,2,1,4,86,3,ST50PKT0YYFY,,
SV NIKLAS,169,21,6,2,1,36,4,ST50PKT0YYG9,,
SV NIKLAS,169,46,1,1,2,67,3,ST50PKT0YYG8,,
SWU Chinese 1,170,43,1,1,3,61,3,ST50PKT0YYGL,,
SWU Chinese 1,170,44,6,2,4,66,4,ST50PKT0YYGM,,
SWU Chinese 2,171,1,1,1,1,1,3,ST50PKT0YZBN,,
SWU Chinese 2,171,2,6,2,2,6,4,ST50PKT0YZBP,,
TANTAL,172,27,1,1,3,37,3,ST50PKT0YYGX,,
TANTAL,172,35,5,2,3,53,4,ST50PKT0YYGY,,
TAPIDOR DH,173,20,6,2,4,30,4,ST50PKT0YYH8,,
TAPIDOR DH,173,54,1,1,2,79,3,ST50PKT0YYH7,,
Tarcoola,174,14,5,2,2,23,4,ST50PKT0YZCB,,
Tarcoola,174,44,1,1,4,61,3,ST50PKT0YZC9,,
Tawriffic TT,175,10,5,2,2,17,4,ST50PKT0YYHX,,
Tawriffic TT,175,58,3,1,2,87,3,ST50PKT0YYHW,,
Temple,176,6,6,2,2,12,4,ST50PKT0YYJ7,,
Temple,176,50,1,1,2,73,3,ST50PKT0YYJ6,,
TI 10,177,31,5,2,3,47,4,ST50PKT0YYJK,,
TI 10,177,48,1,1,4,67,3,ST50PKT0YYJJ,,
TI1 PINNACLE,178,30,2,1,2,44,3,ST50PKT0YYJV,,
TI1 PINNACLE,178,58,5,2,2,89,4,ST50PKT0YYJW,,
Tina,179,29,3,1,1,45,3,ST50PKT0YYK5,,
Tina,179,68,5,2,4,101,4,ST50PKT0YYK6,,
Topas,180,12,4,2,4,16,4,ST50PKT0YYKJ,,
Topas,180,36,3,1,4,51,3,ST50PKT0YYKH,,
TOWER,181,5,5,2,1,11,4,ST50PKT0YYKV,,
TOWER,181,63,2,1,3,92,3,ST50PKT0YYKT,,
Tribune,182,3,2,1,3,2,3,ST50PKT0YYL4,,
Tribune,182,40,4,2,4,58,4,ST50PKT0YYL5,,
TRIBUTE,183,25,6,2,1,42,4,ST50PKT0YYLH,,
TRIBUTE,183,47,2,1,3,68,3,ST50PKT0YYLG,,
TRITON,184,34,1,1,2,49,3,ST50PKT0YZDL,,
TRITON,184,36,6,2,4,54,4,ST50PKT0YZDM,,
Trooper,185,11,1,1,3,13,3,ST50PKT0YYLS,,
Trooper,185,59,5,2,3,89,4,ST50PKT0YYLT,,
Verona,186,27,5,2,3,41,4,ST50PKT0YYM4,,
Verona,186,42,3,1,2,63,3,ST50PKT0YYM3,,
VIGE DH1,187,26,1,1,2,37,3,ST50PKT0YYMF,,
VIGE DH1,187,27,4,2,3,40,4,ST50PKT0YYMG,,
Vision,188,9,1,1,1,13,3,ST50PKT0YYMR,,
Vision,188,39,4,2,3,58,4,ST50PKT0YYMS,,
Warrior CL,189,2,3,1,2,3,3,ST50PKT0YYN2,,
Warrior CL,189,55,4,2,3,82,4,ST50PKT0YYN3,,
WEIHENSTEPHANER,190,23,2,1,3,32,3,ST50PKT0YYND,,
WEIHENSTEPHANER,190,42,4,2,2,64,4,ST50PKT0YYNF,,
WESBARKER,191,11,2,1,3,14,3,ST50PKT0YZDX,,
WESBARKER,191,12,5,2,4,17,4,ST50PKT0YZDY,,
WESBELL,192,5,3,1,1,9,3,ST50PKT0YZF7,,
WESBELL,192,35,4,2,3,52,4,ST50PKT0YZF8,,
WESBROOK,193,18,6,2,2,30,4,ST50PKT0YYNR,,
WESBROOK,193,67,3,1,3,99,3,ST50PKT0YYNQ,,
Wesreo,194,7,3,1,3,9,3,ST50PKT0YYP1,,
Wesreo,194,65,6,2,1,102,4,ST50PKT0YYP2,,
WESROONA,195,8,6,2,4,12,4,ST50PKT0YZFL,,
WESROONA,195,34,3,1,2,51,3,ST50PKT0YZFK,,
Westar,196,1,2,1,1,2,3,ST50PKT0YZFW,,
Westar,196,57,6,2,1,90,4,ST50PKT0YZFX,,
WESTAR DH,197,32,1,1,4,43,3,ST50PKT0YYPC,,
WESTAR DH,197,60,5,2,4,89,4,ST50PKT0YYPD,,
Wesway,198,31,1,1,3,43,3,ST50PKT0YYPP,,
Wesway,198,52,4,2,4,76,4,ST50PKT0YYPQ,,
WILLI,199,20,4,2,4,28,4,ST50PKT0YZG7,,
WILLI,199,64,2,1,4,92,3,ST50PKT0YZG6,,
Xiangyou 15,200,20,3,1,4,27,3,ST50PKT0YYQ0,Replaced Xiangyou 15 with Ragged Jack (2 envelops).  Sent 6 to Gatton,BnASSYST-209
Xiangyou 15,200,38,6,2,2,60,4,ST50PKT0YYQ1,,Forgotten to replaced with Ragge Jack in TOS1 
YICKADEE,201,58,6,2,2,90,4,ST50PKT0YYQC,,
YICKADEE,201,62,1,1,2,91,3,ST50PKT0YYQB,,
Zephyr (DW-Zephyr),202,17,4,2,1,28,4,ST50PKT0YYQP,,
Zephyr (DW-Zephyr),202,57,1,1,1,85,3,ST50PKT0YYQN,,
Zhongshu-ang N0.4,203,15,2,1,3,20,3,ST50PKT0YYQZ,,
Zhongshu-ang N0.4,203,36,4,2,4,52,4,ST50PKT0YYR0,,
ZIRCON,204,32,5,2,4,47,4,ST50PKT0YYRB,,
ZIRCON,204,63,1,1,3,91,3,ST50PKT0YYR9,,
